Date,SessionTime,Time,Distance,Speed,RPM,nGear,Throttle,Brake,DRS,X,Y,Z
2025-04-12 17:08:36.833,0 days 01:21:01.871000,0 days 00:00:00,0.04748268625059371,291.9,11356.3,7,99.0,False,12,-357.36005611919177,1289.1342575129934,-160.60398264933573
2025-04-12 17:08:36.933,0 days 01:21:01.971000,0 days 00:00:00.100000,8.20986693746031,292.8375,11125.3625,7,99.0,False,12,-354.0,1370.0,-161.0
2025-04-12 17:08:37.057,0 days 01:21:02.095000,0 days 00:00:00.224000,18.37333333333334,294.0,10839.0,7,99.0,False,12,-350.13392213643834,1471.0274082952049,-161.19968288890087
2025-04-12 17:08:37.153,0 days 01:21:02.191000,0 days 00:00:00.320000,26.273802144458475,295.0285714285714,10716.257142857143,7,99.0,False,12,-347.0,1550.0,-161.0
2025-04-12 17:08:37.337,0 days 01:21:02.375000,0 days 00:00:00.504000,41.47333333333334,297.0,10481.0,8,99.0,False,12,-340.18709411635973,1702.1349048477407,-159.93553990620828
2025-04-12 17:08:37.372,0 days 01:21:02.410000,0 days 00:00:00.539000,44.36832588324342,297.2187504,10488.4375136,8,99.0,False,12,-339.0,1730.0,-160.0
2025-04-12 17:08:37.493,0 days 01:21:02.531000,0 days 00:00:00.660000,54.38628981834435,297.975,10514.15,8,99.0,False,12,-335.0,1830.0,-161.0
2025-04-12 17:08:37.497,0 days 01:21:02.535000,0 days 00:00:00.664000,54.71777777777779,298.0,10515.0,8,99.0,False,12,-334.83615589648423,1834.0020074282993,-161.02790014179817
2025-04-12 17:08:37.697,0 days 01:21:02.735000,0 days 00:00:00.864000,71.3288888888889,299.0,10606.0,8,99.0,False,12,-323.6207065589748,2095.4874162126484,-161.21601099129734
2025-04-12 17:08:37.773,0 days 01:21:02.811000,0 days 00:00:00.940000,77.6717492742388,299.76,10614.74,8,99.0,False,12,-320.0,2179.0,-161.0
2025-04-12 17:08:37.897,0 days 01:21:02.935000,0 days 00:00:01.064000,88.05111111111113,301.0,10629.0,8,99.0,False,12,-316.3912306283872,2263.2454253596334,-160.5413319499557
2025-04-12 17:08:38.057,0 days 01:21:03.095000,0 days 00:00:01.224000,101.47333333333334,302.0,10663.0,8,99.0,False,12,-314.77522056001743,2303.150769681173,-159.89134984316024
2025-04-12 17:08:38.192,0 days 01:21:03.230000,0 days 00:00:01.359000,112.8260097886957,302.67500032,10714.30002432,8,99.0,False,12,-310.0,2414.0,-160.0
2025-04-12 17:08:38.257,0 days 01:21:03.295000,0 days 00:00:01.424000,118.30666666666667,303.0,10739.0,8,99.0,False,12,-306.162230723349,2502.1785919603867,-160.3163114525321
2025-04-12 17:08:38.373,0 days 01:21:03.411000,0 days 00:00:01.540000,128.11648174805742,303.96666666666664,10764.133333333333,8,99.0,False,12,-299.0,2668.0,-161.0
2025-04-12 17:08:38.497,0 days 01:21:03.535000,0 days 00:00:01.664000,138.64000000000001,305.0,10791.0,8,99.0,False,12,-295.52828108883614,2755.4531937959964,-161.24507843639293
2025-04-12 17:08:38.653,0 days 01:21:03.691000,0 days 00:00:01.820000,151.92791794373858,306.3,10792.3,8,99.65,False,12,-294.0,2804.0,-161.0
2025-04-12 17:08:38.737,0 days 01:21:03.775000,0 days 00:00:01.904000,159.10666666666668,307.0,10793.0,8,100.0,False,12,-292.48675497597077,2844.48637281391,-160.7234050123764
2025-04-12 17:08:39.533,0 days 01:21:04.571000,0 days 00:00:02.700000,227.8420072997346,310.46086956521737,10972.965217391304,8,99.13478260869566,False,12,-262.0,3559.0,-159.0
2025-04-12 17:08:39.657,0 days 01:21:04.695000,0 days 00:00:02.824000,238.58444444444444,311.0,11001.0,8,99.0,False,12,-257.392877200774,3665.0099448230803,-160.65190692979704
2025-04-12 17:08:39.693,0 days 01:21:04.731000,0 days 00:00:02.860000,241.70284645244428,311.1,11002.9,8,99.0,False,12,-256.0,3697.0,-161.0
2025-04-12 17:08:40.017,0 days 01:21:05.055000,0 days 00:00:03.184000,269.7844444444445,312.0,11020.0,8,99.0,False,12,-242.3032915649611,4012.2175945437994,-160.1279240860245
2025-04-12 17:08:40.053,0 days 01:21:05.091000,0 days 00:00:03.220000,272.91150960949903,312.15,11026.3,8,99.0,False,12,-241.0,4043.0,-160.0
2025-04-12 17:08:40.257,0 days 01:21:05.295000,0 days 00:00:03.424000,290.65111111111116,313.0,11062.0,8,99.0,False,12,-234.96151872393187,4190.478319944956,-159.92145728442372
2025-04-12 17:08:40.372,0 days 01:21:05.410000,0 days 00:00:03.539000,300.6468284290081,313.0,11057.97499776,8,99.0,False,12,-231.0,4286.0,-160.0
2025-04-12 17:08:40.457,0 days 01:21:05.495000,0 days 00:00:03.624000,308.0400000000001,313.0,11055.0,8,99.0,False,12,-227.31447061978244,4372.7221100579245,-159.99980013441018
2025-04-12 17:08:40.632,0 days 01:21:05.670000,0 days 00:00:03.799000,323.29283792798435,313.6250002285714,11083.125010285714,8,99.0,False,12,-219.0,4565.0,-160.0
2025-04-12 17:08:40.737,0 days 01:21:05.775000,0 days 00:00:03.904000,332.4622222222223,314.0,11100.0,8,99.0,False,12,-214.870616236254,4659.193940494702,-160.1604201025587
2025-04-12 17:08:41.017,0 days 01:21:06.055000,0 days 00:00:04.184000,356.9622222222223,315.0,11062.0,8,100.0,False,12,-206.35264800564835,4854.824149506099,-160.46529882271665
2025-04-12 17:08:41.092,0 days 01:21:06.130000,0 days 00:00:04.259000,363.5285454784286,315.0,11072.446437485714,8,100.0,False,12,-204.0,4914.0,-160.0
2025-04-12 17:08:41.273,0 days 01:21:06.311000,0 days 00:00:04.440000,379.3657916691834,315.0,11097.657142857142,8,100.0,False,12,-198.0,5071.0,-158.0
2025-04-12 17:08:41.297,0 days 01:21:06.335000,0 days 00:00:04.464000,381.4622222222223,315.0,11101.0,8,100.0,False,12,-197.20802302454848,5090.9189989966435,-157.75126279154938
2025-04-12 17:08:41.492,0 days 01:21:06.530000,0 days 00:00:04.659000,398.46598725491793,314.3035712,11103.0892864,8,99.3035712,False,12,-190.0,5263.0,-156.0
2025-04-12 17:08:41.577,0 days 01:21:06.615000,0 days 00:00:04.744000,405.88444444444445,314.0,11104.0,8,99.0,False,12,-185.35267535240075,5373.56229102375,-155.12950374830137
2025-04-12 17:08:41.692,0 days 01:21:06.730000,0 days 00:00:04.859000,415.941620048088,314.4791669333333,11101.1249984,8,99.47916693333333,False,12,-179.0,5525.0,-154.0
2025-04-12 17:08:41.817,0 days 01:21:06.855000,0 days 00:00:04.984000,426.88444444444445,315.0,11098.0,8,100.0,False,12,-174.72930441237614,5626.676494529515,-153.1838989908607
2025-04-12 17:08:42.017,0 days 01:21:07.055000,0 days 00:00:05.184000,444.38444444444445,315.0,11116.0,8,100.0,False,12,-170.4482931527498,5724.185372007734,-152.11962663895912
2025-04-12 17:08:42.032,0 days 01:21:07.070000,0 days 00:00:05.199000,445.69726797061907,315.0,11115.357140114285,8,99.94642834285715,False,12,-170.0,5734.0,-152.0
2025-04-12 17:08:42.232,0 days 01:21:07.270000,0 days 00:00:05.399000,463.20383929155474,315.0,11106.785711542858,8,99.23214262857142,False,12,-162.0,5909.0,-150.0
2025-04-12 17:08:42.297,0 days 01:21:07.335000,0 days 00:00:05.464000,468.88444444444445,315.0,11104.0,8,99.0,False,12,-158.53655762067177,5988.15473346095,-149.3687185841127
2025-04-12 17:08:42.452,0 days 01:21:07.490000,0 days 00:00:05.619000,482.40291624878773,314.44444434249306,11108.444445260056,8,99.0,False,12,-150.0,6189.0,-148.0
2025-04-12 17:08:42.576,0 days 01:21:07.614000,0 days 00:00:05.743000,493.21944444444443,314.0,11112.0,8,99.0,False,12,-145.39725884640777,6302.095553358657,-147.01425314090383
2025-04-12 17:08:42.893,0 days 01:21:07.931000,0 days 00:00:06.060000,520.9573971053359,314.87811632188215,11123.415512184467,8,99.0,False,12,-139.0,6493.0,-145.0
2025-04-12 17:08:42.937,0 days 01:21:07.975000,0 days 00:00:06.104000,524.8069444444444,315.0,11125.0,8,99.0,False,12,-137.89772894562623,6529.406191009544,-144.79162671328538
2025-04-12 17:08:43.092,0 days 01:21:08.130000,0 days 00:00:06.259000,538.3570776630855,314.56944426666666,11103.0416576,8,99.0,False,12,-134.0,6668.0,-144.0
2025-04-12 17:08:43.297,0 days 01:21:08.335000,0 days 00:00:06.464000,556.2069444444444,314.0,11074.0,8,99.0,False,12,-131.20585081530746,6818.341718911078,-142.124851932917
2025-04-12 17:08:43.312,0 days 01:21:08.350000,0 days 00:00:06.479000,557.5073173914991,313.8749994666667,11069.1249792,8,99.0,False,12,-131.0,6830.0,-142.0
2025-04-12 17:08:43.453,0 days 01:21:08.491000,0 days 00:00:06.620000,569.700196365013,312.7,11023.3,8,99.0,False,12,-129.0,6952.0,-141.0
2025-04-12 17:08:43.537,0 days 01:21:08.575000,0 days 00:00:06.704000,577.0069444444443,312.0,10996.0,8,99.0,False,12,-128.43865057052216,7037.646284922275,-140.40212601134334
2025-04-12 17:08:43.753,0 days 01:21:08.791000,0 days 00:00:06.920000,595.977521014964,310.65,10644.325,8,32.175,False,12,-129.0,7264.0,-139.0
2025-04-12 17:08:43.857,0 days 01:21:08.895000,0 days 00:00:07.024000,604.5624999999999,310.0,10475.0,8,0.0,False,12,-129.64348580812796,7340.945077892738,-138.63355865562798
2025-04-12 17:08:44.053,0 days 01:21:09.091000,0 days 00:00:07.220000,619.0939203213366,275.7,10083.0,8,0.0,False,12,-131.0,7455.0,-138.0
2025-04-12 17:08:44.137,0 days 01:21:09.175000,0 days 00:00:07.304000,624.8625,261.0,9915.0,8,0.0,True,8,-131.40190991704407,7511.037285476821,-137.42853320157246
2025-04-12 17:08:44.313,0 days 01:21:09.351000,0 days 00:00:07.480000,636.2847224887539,238.26666666666665,8865.6,8,0.0,True,8,-132.0,7633.0,-136.0
2025-04-12 17:08:44.377,0 days 01:21:09.415000,0 days 00:00:07.544000,640.1958333333332,230.0,8484.0,8,0.0,True,8,-132.2072668828047,7672.595742978685,-135.61095848520415
2025-04-12 17:08:44.513,0 days 01:21:09.551000,0 days 00:00:07.680000,648.041182043909,210.96,8663.52,8,0.0,True,8,-132.0,7753.0,-135.0
2025-04-12 17:08:44.577,0 days 01:21:09.615000,0 days 00:00:07.744000,651.4180555555555,202.0,8748.0,8,0.0,True,8,-131.11824585037945,7793.301674380157,-134.77885278272555
2025-04-12 17:08:44.813,0 days 01:21:09.851000,0 days 00:00:07.980000,661.8697816424964,169.8777777777778,8848.3,8,0.0,True,8,-125.0,7936.0,-134.0
2025-04-12 17:08:44.937,0 days 01:21:09.975000,0 days 00:00:08.104000,666.7180555555555,153.0,8901.0,8,0.0,True,8,-121.96979122100714,7981.922134001039,-133.242405450439
2025-04-12 17:08:45.137,0 days 01:21:10.175000,0 days 00:00:08.304000,674.1624999999999,134.0,9464.0,7,0.0,True,8,-114.10146507073544,8037.961281881223,-132.04299595422907
2025-04-12 17:08:45.153,0 days 01:21:10.191000,0 days 00:00:08.320000,674.7301439394764,132.96,9359.04,7,0.0,True,8,-113.0,8044.0,-132.0
2025-04-12 17:08:45.337,0 days 01:21:10.375000,0 days 00:00:08.504000,680.8847222222221,121.0,8152.0,5,0.0,True,8,-95.98930772951574,8127.422924955958,-132.00932521648082
2025-04-12 17:08:45.393,0 days 01:21:10.431000,0 days 00:00:08.560000,682.5875516165105,117.2,8267.6,5,0.0,True,8,-91.0,8149.0,-132.0
2025-04-12 17:08:45.617,0 days 01:21:10.655000,0 days 00:00:08.784000,688.8180555555555,102.0,8730.0,3,0.0,True,8,-76.27172394183657,8195.03199212521,-131.40301077768618
2025-04-12 17:08:45.753,0 days 01:21:10.791000,0 days 00:00:08.920000,692.5050442775648,97.75,8161.35,3,0.0,True,8,-65.0,8215.0,-131.0
2025-04-12 17:08:45.777,0 days 01:21:10.815000,0 days 00:00:08.944000,693.1291666666666,97.0,8061.0,2,0.0,True,8,-62.47205161610127,8219.200952948031,-130.94771441429157
2025-04-12 17:08:46.053,0 days 01:21:11.091000,0 days 00:00:09.220000,699.5826261622517,86.26666666666667,7356.433333333333,2,0.0,True,8,-25.0,8275.0,-131.0
2025-04-12 17:08:46.137,0 days 01:21:11.175000,0 days 00:00:09.304000,701.4291666666666,83.0,7142.0,2,0.0,True,8,-12.985820953186558,8289.281933082026,-131.44367838656518
2025-04-12 17:08:46.253,0 days 01:21:11.291000,0 days 00:00:09.420000,703.9542585803925,80.51428571428572,6856.557142857143,2,0.0,True,8,5.0,8306.0,-132.0
2025-04-12 17:08:46.353,0 days 01:21:11.391000,0 days 00:00:09.520000,706.0911208420865,78.37142857142857,6610.4857142857145,2,0.0,True,8,23.0,8318.0,-132.0
2025-04-12 17:08:46.417,0 days 01:21:11.455000,0 days 00:00:09.584000,707.4180555555554,77.0,6453.0,2,0.0,True,8,34.020179462488635,8324.80737895552,-132.02732815541182
2025-04-12 17:08:46.653,0 days 01:21:11.691000,0 days 00:00:09.820000,712.0434832095414,72.41111111111111,6136.366666666667,2,0.0,True,8,78.0,8343.0,-133.0
2025-04-12 17:08:46.777,0 days 01:21:11.815000,0 days 00:00:09.944000,714.4180555555554,70.0,5970.0,2,0.0,False,8,113.09282112062073,8346.551264297967,-134.39089195426567
2025-04-12 17:08:46.832,0 days 01:21:11.870000,0 days 00:00:09.999000,715.4755514744166,69.72499968,5928.19995136,2,1.3750016,False,8,127.0,8347.0,-135.0
2025-04-12 17:08:46.977,0 days 01:21:12.015000,0 days 00:00:10.144000,718.2513888888888,69.0,5818.0,2,5.0,False,8,150.70942985468264,8345.304763953263,-136.21157180898152
2025-04-12 17:08:47.132,0 days 01:21:12.170000,0 days 00:00:10.299000,721.133917542345,67.7083328,6089.250112,2,14.0416704,False,8,168.0,8340.0,-137.0
2025-04-12 17:08:47.217,0 days 01:21:12.255000,0 days 00:00:10.384000,722.7180555555555,67.0,6238.0,2,19.0,False,8,179.89252396203253,8336.083315143447,-137.26870618838572
2025-04-12 17:08:47.452,0 days 01:21:12.490000,0 days 00:00:10.619000,727.2185552984687,68.95833386666666,6542.194527288889,2,30.750003200000002,False,8,224.0,8316.0,-138.0
2025-04-12 17:08:47.577,0 days 01:21:12.615000,0 days 00:00:10.744000,729.7180555555555,70.0,6704.0,2,37.0,False,8,256.5793579898918,8294.01197835654,-138.99802174497472
2025-04-12 17:08:47.692,0 days 01:21:12.730000,0 days 00:00:10.859000,732.0968136182631,73.593752,6807.5000576,2,37.0,False,8,285.0,8273.0,-140.0
2025-04-12 17:08:47.737,0 days 01:21:12.775000,0 days 00:00:10.904000,733.0513888888888,75.0,6848.0,2,37.0,False,8,293.95383737284743,8266.152230924226,-140.33387228184023
2025-04-12 17:08:47.937,0 days 01:21:12.975000,0 days 00:00:11.104000,737.4958333333333,80.0,7416.0,2,43.0,False,8,319.5226102387765,8244.677442876193,-141.4259945497829
2025-04-12 17:08:48.112,0 days 01:21:13.150000,0 days 00:00:11.279000,741.7702511943049,85.62500205714286,8006.625216,2,51.7500032,False,8,340.0,8225.0,-142.0
2025-04-12 17:08:48.217,0 days 01:21:13.255000,0 days 00:00:11.384000,744.4180555555555,89.0,8361.0,2,57.0,False,8,355.99653902051296,8209.371836196278,-142.21146359887982
2025-04-12 17:08:48.377,0 days 01:21:13.415000,0 days 00:00:11.544000,748.5069444444443,92.0,8974.0,2,65.0,False,8,384.25524866234116,8180.878682218454,-142.86625591836014
2025-04-12 17:08:48.392,0 days 01:21:13.430000,0 days 00:00:11.559000,748.902291548183,92.60000256,9009.85015296,2,65.22500096,False,8,387.0,8178.0,-143.0
2025-04-12 17:08:48.572,0 days 01:21:13.610000,0 days 00:00:11.739000,753.9128912553037,99.80000256,9440.05015296,2,67.92500096,False,8,421.0,8141.0,-145.0
2025-04-12 17:08:48.577,0 days 01:21:13.615000,0 days 00:00:11.744000,754.0624999999999,100.0,9452.0,2,68.0,False,8,421.9682793494011,8139.92168417318,-145.02848770928523
2025-04-12 17:08:48.772,0 days 01:21:13.810000,0 days 00:00:11.939000,760.3930464774297,110.8333368888889,10313.791949511111,2,73.95833528888889,False,8,461.0,8096.0,-145.0
2025-04-12 17:08:48.937,0 days 01:21:13.975000,0 days 00:00:12.104000,766.0624999999999,120.0,11043.0,2,79.0,False,8,497.21593321857125,8055.949345781792,-145.91620137383825
2025-04-12 17:08:49.112,0 days 01:21:14.150000,0 days 00:00:12.279000,772.0632072372199,123.50000128,10741.1248896,2,79.0,False,8,540.0,8013.0,-147.0
2025-04-12 17:08:49.137,0 days 01:21:14.175000,0 days 00:00:12.304000,772.9513888888888,124.0,10698.0,2,79.0,False,8,546.5608262198233,8007.040583511411,-147.04072950103665
2025-04-12 17:08:49.292,0 days 01:21:14.330000,0 days 00:00:12.459000,778.7121837835789,131.2222235475903,10549.666639445646,2,78.44444434249306,False,8,590.0,7971.0,-147.0
2025-04-12 17:08:49.416,0 days 01:21:14.454000,0 days 00:00:12.583000,783.5688888888888,137.0,10431.0,3,78.0,False,8,628.7160646180424,7943.156762146454,-147.51236005248765
2025-04-12 17:08:49.473,0 days 01:21:14.511000,0 days 00:00:12.640000,785.8587860813966,139.4341615223713,10613.562114177848,3,78.60854038059283,False,8,647.0,7931.0,-148.0
2025-04-12 17:08:49.652,0 days 01:21:14.690000,0 days 00:00:12.819000,793.2808555469767,147.0782941103588,11186.87205827691,3,80.5195735275897,False,8,711.0,7896.0,-150.0
2025-04-12 17:08:49.697,0 days 01:21:14.735000,0 days 00:00:12.864000,795.1991666666665,149.0,11331.0,3,81.0,False,8,733.5704162417845,7887.700058493664,-150.09240777453363
2025-04-12 17:08:49.977,0 days 01:21:15.015000,0 days 00:00:13.144000,807.5658333333332,159.0,10351.0,3,88.0,False,8,904.3079490184583,7846.156922179715,-147.16086121000293
2025-04-12 17:08:49.993,0 days 01:21:15.031000,0 days 00:00:13.160000,808.290144180094,159.56,10366.2,3,88.56,False,8,911.0,7845.0,-147.0
2025-04-12 17:08:50.177,0 days 01:21:15.215000,0 days 00:00:13.344000,816.7880555555554,166.0,10541.0,4,95.0,False,8,954.6656915128657,7842.497035157106,-145.66736525106685
2025-04-12 17:08:50.273,0 days 01:21:15.311000,0 days 00:00:13.440000,821.4197206665575,169.6,10717.4,4,95.96,False,8,977.0,7845.0,-145.0
2025-04-12 17:08:50.577,0 days 01:21:15.615000,0 days 00:00:13.744000,836.8991666666665,181.0,11276.0,4,99.0,False,8,1125.8102462774539,7864.536521036983,-141.34256624955904
2025-04-12 17:08:50.593,0 days 01:21:15.631000,0 days 00:00:13.760000,837.7364986072035,181.62857142857143,11255.314285714287,4,99.0,False,8,1138.0,7867.0,-141.0
2025-04-12 17:08:50.793,0 days 01:21:15.831000,0 days 00:00:13.960000,848.370678734443,189.4857142857143,10996.742857142857,4,99.0,False,8,1305.0,7906.0,-136.0
2025-04-12 17:08:50.857,0 days 01:21:15.895000,0 days 00:00:14.024000,851.8324999999998,192.0,10914.0,4,99.0,False,8,1338.393576582895,7914.239571245256,-134.98201590329785
2025-04-12 17:08:51.093,0 days 01:21:16.131000,0 days 00:00:14.260000,864.8452581222554,197.9,10970.7875,4,99.0,False,8,1401.0,7932.0,-133.0
2025-04-12 17:08:51.177,0 days 01:21:16.215000,0 days 00:00:14.344000,869.6102777777776,200.0,10991.0,5,99.0,False,8,1441.3311958080214,7944.247219041001,-131.67631027339758
2025-04-12 17:08:51.313,0 days 01:21:16.351000,0 days 00:00:14.480000,877.4992180182071,204.3272727272727,11122.054545454546,5,99.30909090909091,False,8,1520.0,7969.0,-129.0
2025-04-12 17:08:51.512,0 days 01:21:16.550000,0 days 00:00:14.679000,889.3907148817937,210.65909294545455,11313.818243490909,5,99.76136378181818,False,8,1631.0,8006.0,-125.0
2025-04-12 17:08:51.617,0 days 01:21:16.655000,0 days 00:00:14.784000,895.7658333333333,214.0,11415.0,5,100.0,False,8,1713.840526231937,8029.2074975020105,-122.50472708611906
2025-04-12 17:08:51.773,0 days 01:21:16.811000,0 days 00:00:14.940000,905.3515862681238,217.54545454545453,11030.318181818182,5,99.64545454545454,False,8,1840.0,8060.0,-119.0
2025-04-12 17:08:52.057,0 days 01:21:17.095000,0 days 00:00:15.224000,923.143611111111,224.0,10330.0,6,99.0,False,8,1958.4637799592288,8071.736159451475,-115.58852117424593
2025-04-12 17:08:52.092,0 days 01:21:17.130000,0 days 00:00:15.259000,925.365551851376,224.7656264,10370.5781992,6,99.0,False,8,1976.0,8072.0,-115.0
2025-04-12 17:08:52.273,0 days 01:21:17.311000,0 days 00:00:15.440000,936.9558309862156,228.725,10580.425,6,99.0,False,8,2091.0,8073.0,-111.0
2025-04-12 17:08:52.377,0 days 01:21:17.415000,0 days 00:00:15.544000,943.6769444444443,231.0,10701.0,6,99.0,False,8,2158.1129118892272,8071.218761185139,-108.79110752425694
2025-04-12 17:08:52.513,0 days 01:21:17.551000,0 days 00:00:15.680000,952.528587137964,233.72,10808.44,6,99.0,False,8,2248.0,8066.0,-106.0
2025-04-12 17:08:52.577,0 days 01:21:17.615000,0 days 00:00:15.744000,956.7324999999998,235.0,10859.0,6,99.0,False,8,2293.9645622328626,8062.547913132043,-104.61412850537933
2025-04-12 17:08:52.693,0 days 01:21:17.731000,0 days 00:00:15.860000,964.428880112523,237.4857142857143,10990.328571428572,6,99.0,False,8,2379.0,8055.0,-102.0
2025-04-12 17:08:52.857,0 days 01:21:17.895000,0 days 00:00:16.024000,975.4769444444444,241.0,11176.0,6,99.0,False,8,2489.170602731187,8042.598298119504,-98.19055882312162
2025-04-12 17:08:52.912,0 days 01:21:17.950000,0 days 00:00:16.079000,979.2252402023007,242.10000128,11220.687552,6,99.0,False,8,2525.0,8038.0,-97.0
2025-04-12 17:08:53.173,0 days 01:21:18.211000,0 days 00:00:16.340000,997.2783767067966,247.32,11432.75,6,99.0,False,8,2701.0,8011.0,-92.0
2025-04-12 17:08:53.257,0 days 01:21:18.295000,0 days 00:00:16.424000,1003.1436111111109,249.0,11501.0,6,99.0,False,12,2767.30034208482,7998.239320003192,-90.2204318683139
2025-04-12 17:08:53.417,0 days 01:21:18.455000,0 days 00:00:16.584000,1014.3880555555553,253.0,11631.0,6,99.0,False,12,2903.920954137032,7969.412306509892,-86.57958307820667
2025-04-12 17:08:53.492,0 days 01:21:18.530000,0 days 00:00:16.659000,1019.7254692164389,254.45833457777778,11396.208132977777,6,99.0,False,12,2963.0,7957.0,-85.0
2025-04-12 17:08:53.777,0 days 01:21:18.815000,0 days 00:00:16.944000,1040.3880555555552,260.0,10504.0,7,99.0,False,12,3148.853267346346,7919.650538334468,-80.01798285136351
2025-04-12 17:08:53.912,0 days 01:21:18.950000,0 days 00:00:17.079000,1050.326366633725,263.3750016,10585.0000384,7,99.0,False,12,3233.0,7903.0,-78.0
2025-04-12 17:08:54.017,0 days 01:21:19.055000,0 days 00:00:17.184000,1058.1213888888888,266.0,10648.0,7,99.0,False,12,3301.678255220888,7889.2677700104505,-76.51940361721412
2025-04-12 17:08:54.212,0 days 01:21:19.250000,0 days 00:00:17.379000,1072.753687146749,268.4375008,10798.312549333334,7,99.0,False,12,3437.0,7862.0,-74.0
2025-04-12 17:08:54.452,0 days 01:21:19.490000,0 days 00:00:17.619000,1090.9643839283594,271.4375008,10983.312549333334,7,99.0,False,12,3614.0,7826.0,-71.0
2025-04-12 17:08:54.497,0 days 01:21:19.535000,0 days 00:00:17.664000,1094.3880555555554,272.0,11018.0,7,99.0,False,12,3646.0464035966743,7819.283611934298,-70.23232635434705
2025-04-12 17:08:54.613,0 days 01:21:19.651000,0 days 00:00:17.780000,1103.22652772345,273.74,11048.74,7,99.0,False,12,3733.0,7801.0,-68.0
2025-04-12 17:08:54.697,0 days 01:21:19.735000,0 days 00:00:17.864000,1109.6658333333332,275.0,11071.0,7,99.0,False,12,3810.9714805576305,7785.062586520937,-66.38502214072271
2025-04-12 17:08:54.893,0 days 01:21:19.931000,0 days 00:00:18.060000,1124.8877239918297,277.94,11190.07,7,99.0,False,12,4006.0,7746.0,-63.0
2025-04-12 17:08:55.097,0 days 01:21:20.135000,0 days 00:00:18.264000,1140.8880555555554,281.0,11314.0,7,99.0,False,12,4131.071442119272,7721.111486653828,-60.80427944172914
2025-04-12 17:08:55.252,0 days 01:21:20.290000,0 days 00:00:18.419000,1153.071109734153,282.9375008,11380.8437776,7,99.0,False,12,4221.0,7703.0,-59.0
2025-04-12 17:08:55.257,0 days 01:21:20.295000,0 days 00:00:18.424000,1153.4658333333332,283.0,11383.0,7,99.0,False,12,4224.428186918091,7702.303620423096,-58.927524937964456
2025-04-12 17:08:55.457,0 days 01:21:20.495000,0 days 00:00:18.624000,1169.354722222222,286.0,11383.0,7,99.0,False,12,4381.191275962853,7670.372835802841,-55.540376115980074
2025-04-12 17:08:55.492,0 days 01:21:20.530000,0 days 00:00:18.659000,1172.147815960824,286.35000064,11399.80003072,7,99.0,False,12,4408.0,7665.0,-55.0
2025-04-12 17:08:55.657,0 days 01:21:20.695000,0 days 00:00:18.824000,1185.3547222222223,288.0,11479.0,7,99.0,False,12,4523.545575519491,7642.425822715027,-52.94121431642947
2025-04-12 17:08:55.772,0 days 01:21:20.810000,0 days 00:00:18.939000,1194.5999430063935,288.9583338666667,11566.6875488,7,99.0,False,12,4627.0,7622.0,-51.0
2025-04-12 17:08:55.897,0 days 01:21:20.935000,0 days 00:00:19.064000,1204.6880555555556,290.0,11662.0,7,99.0,False,12,4782.304382263196,7590.665718445443,-47.77204322012922
2025-04-12 17:08:55.973,0 days 01:21:21.011000,0 days 00:00:19.140000,1210.8420637678373,290.95,11673.4,7,99.0,False,12,4865.0,7574.0,-46.0
2025-04-12 17:08:56.057,0 days 01:21:21.095000,0 days 00:00:19.224000,1217.6658333333335,292.0,11686.0,7,99.0,False,12,4925.550294990666,7561.984108275308,-44.6740229878865
2025-04-12 17:08:56.253,0 days 01:21:21.291000,0 days 00:00:19.420000,1233.6942410261072,293.8375,11045.325,7,99.0,False,12,5009.0,7546.0,-43.0
2025-04-12 17:08:56.377,0 days 01:21:21.415000,0 days 00:00:19.544000,1243.8880555555556,295.0,10640.0,7,99.0,False,12,5101.737399380906,7527.687095796142,-41.57160399437397
2025-04-12 17:08:56.493,0 days 01:21:21.531000,0 days 00:00:19.660000,1253.449806093756,296.16,10564.02,7,99.0,False,12,5202.0,7508.0,-40.0
2025-04-12 17:08:56.577,0 days 01:21:21.615000,0 days 00:00:19.744000,1260.3880555555556,297.0,10509.0,8,99.0,False,12,5271.797075544717,7494.579038454892,-38.78013507992351
2025-04-12 17:08:56.692,0 days 01:21:21.730000,0 days 00:00:19.859000,1269.9049437279693,297.8214290285714,10515.982146742857,8,99.0,False,12,5365.0,7477.0,-37.0
2025-04-12 17:08:56.857,0 days 01:21:21.895000,0 days 00:00:20.024000,1283.6436111111113,299.0,10526.0,8,99.0,False,12,5498.059852978343,7452.382835623898,-34.26473364407151
2025-04-12 17:08:56.873,0 days 01:21:21.911000,0 days 00:00:20.040000,1284.9850061535817,299.10322580645163,10528.683870967741,8,97.72258064516129,False,12,5511.0,7450.0,-34.0
2025-04-12 17:08:58.097,0 days 01:21:23.135000,0 days 00:00:21.264000,1389.3880555555556,307.0,10734.0,8,0.0,False,8,6515.526607480337,7265.298336923507,-14.681016827068138
2025-04-12 17:08:58.133,0 days 01:21:23.171000,0 days 00:00:21.300000,1392.326012454148,303.4,10550.94,8,0.0,False,8,6544.0,7260.0,-14.0
2025-04-12 17:08:58.293,0 days 01:21:23.331000,0 days 00:00:21.460000,1405.0301960493182,287.4,9737.34,8,0.0,False,8,6668.0,7237.0,-11.0
2025-04-12 17:08:58.297,0 days 01:21:23.335000,0 days 00:00:21.464000,1405.3325,287.0,9717.0,8,0.0,True,8,6670.974170685599,7236.458168811203,-10.934261829319988
2025-04-12 17:08:58.497,0 days 01:21:23.535000,0 days 00:00:21.664000,1419.4436111111113,254.0,9212.0,8,0.0,True,8,6810.0897304271475,7211.6632446169115,-8.44410529189983
2025-04-12 17:08:58.553,0 days 01:21:23.591000,0 days 00:00:21.720000,1423.1118067974437,246.16,9204.44,8,0.0,True,8,6846.0,7205.0,-8.0
2025-04-12 17:08:58.697,0 days 01:21:23.735000,0 days 00:00:21.864000,1431.9991666666667,226.0,9185.0,8,0.0,True,8,6932.7838326104875,7187.883130801189,-7.14109940655319
2025-04-12 17:08:58.713,0 days 01:21:23.751000,0 days 00:00:21.880000,1432.9344383792768,223.5,9156.6,8,0.0,True,8,6942.0,7186.0,-7.0
2025-04-12 17:08:58.857,0 days 01:21:23.895000,0 days 00:00:22.024000,1440.9325000000001,201.0,8901.0,8,0.0,True,8,7021.199575793977,7168.913123091186,-5.189714743857047
2025-04-12 17:08:58.872,0 days 01:21:23.910000,0 days 00:00:22.039000,1441.7334642708747,199.72499456,8933.10013696,8,0.0,True,8,7029.0,7167.0,-5.0
2025-04-12 17:08:59.053,0 days 01:21:24.091000,0 days 00:00:22.220000,1450.9605471327877,184.34,9320.44,8,0.0,True,8,7117.0,7141.0,-3.0
2025-04-12 17:08:59.057,0 days 01:21:24.095000,0 days 00:00:22.224000,1451.1547222222223,184.0,9329.0,8,0.0,True,8,7118.865783363898,7140.362945909805,-2.9567226788770067
2025-04-12 17:08:59.377,0 days 01:21:24.415000,0 days 00:00:22.544000,1465.4658333333334,161.0,10758.0,6,0.0,True,8,7257.861579128632,7081.286945437713,-0.03176920653097921
2025-04-12 17:08:59.393,0 days 01:21:24.431000,0 days 00:00:22.560000,1466.13706036222,160.0,10726.0,6,0.0,True,8,7264.0,7078.0,0.0
2025-04-12 17:08:59.513,0 days 01:21:24.551000,0 days 00:00:22.680000,1471.0638298365996,152.5,10486.0,6,0.0,True,8,7307.0,7053.0,0.0
2025-04-12 17:08:59.617,0 days 01:21:24.655000,0 days 00:00:22.784000,1475.1991666666668,146.0,10278.0,4,0.0,True,8,7339.288507289923,7033.055908874636,0.6628752538243474
2025-04-12 17:08:59.753,0 days 01:21:24.791000,0 days 00:00:22.920000,1480.436663175287,142.6,10031.16,4,0.0,True,8,7382.0,6998.0,2.0
2025-04-12 17:08:59.953,0 days 01:21:24.991000,0 days 00:00:23.120000,1487.907424812646,137.6,9668.16,4,0.0,True,8,7456.0,6910.0,3.0
2025-04-12 17:09:00.017,0 days 01:21:25.055000,0 days 00:00:23.184000,1490.3102777777779,136.0,9552.0,3,0.0,True,8,7471.848995513981,6887.2437274930235,3.074098940876566
2025-04-12 17:09:00.177,0 days 01:21:25.215000,0 days 00:00:23.344000,1496.3102777777779,135.0,9141.0,3,0.0,False,8,7488.368138536893,6850.706799698319,2.7389519048843143
2025-04-12 17:09:00.337,0 days 01:21:25.375000,0 days 00:00:23.504000,1502.0436111111112,129.0,9123.0,3,0.0,False,8,7490.104231965864,6819.336160089339,3.0658120570424154
2025-04-12 17:09:00.412,0 days 01:21:25.450000,0 days 00:00:23.579000,1504.6747313345002,128.14772654545453,9134.931828363637,3,4.772731345454545,False,8,7493.0,6797.0,4.0
2025-04-12 17:09:00.472,0 days 01:21:25.510000,0 days 00:00:23.639000,1506.7595906652396,127.46590836363636,9144.47728290909,3,8.590913163636364,False,8,7496.0,6776.0,5.0
2025-04-12 17:09:00.752,0 days 01:21:25.790000,0 days 00:00:23.919000,1516.3453031172214,124.28409018181819,9189.022737454545,3,26.40909498181818,False,8,7496.0,6677.0,5.0
2025-04-12 17:09:00.777,0 days 01:21:25.815000,0 days 00:00:23.944000,1517.1991666666668,124.0,9193.0,3,28.0,False,8,7495.399712410406,6668.579146207257,5.002311626265838
2025-04-12 17:09:00.912,0 days 01:21:25.950000,0 days 00:00:24.079000,1521.8105116971726,123.1562496,9165.1562368,3,35.5937536,False,8,7490.0,6622.0,5.0
2025-04-12 17:09:00.937,0 days 01:21:25.975000,0 days 00:00:24.104000,1522.6658333333335,123.0,9160.0,3,37.0,False,8,7488.185600905477,6612.217828328579,4.820581596846416
2025-04-12 17:09:01.137,0 days 01:21:26.175000,0 days 00:00:24.304000,1529.5547222222224,124.0,9253.0,3,44.0,False,8,7464.272451952204,6521.569134356412,1.3159076904791347
2025-04-12 17:09:01.212,0 days 01:21:26.250000,0 days 00:00:24.379000,1532.1878824061776,125.33928685714285,9395.76797897143,3,47.21428845714286,False,8,7453.0,6489.0,0.0
2025-04-12 17:09:01.417,0 days 01:21:26.455000,0 days 00:00:24.584000,1539.5880555555557,129.0,9786.0,3,56.0,False,8,7418.45292315732,6413.445631848767,-2.3346138202298166
2025-04-12 17:09:01.653,0 days 01:21:26.691000,0 days 00:00:24.820000,1548.6041142834467,134.9,10278.918181818182,3,60.82727272727273,False,8,7376.0,6346.0,-4.0
2025-04-12 17:09:01.857,0 days 01:21:26.895000,0 days 00:00:25.024000,1556.6991666666668,140.0,10705.0,3,65.0,False,8,7340.993248747397,6299.755608997893,-5.798262902098904
2025-04-12 17:09:02.017,0 days 01:21:27.055000,0 days 00:00:25.184000,1563.1880555555556,146.0,10793.0,3,73.0,False,8,7307.84100313735,6263.149875172384,-7.558545744220907
2025-04-12 17:09:02.052,0 days 01:21:27.090000,0 days 00:00:25.219000,1564.6394625159128,147.0208352,10836.4584128,3,73.729168,False,8,7299.0,6254.0,-8.0
2025-04-12 17:09:02.253,0 days 01:21:27.291000,0 days 00:00:25.420000,1573.2137965627019,152.88333333333333,11086.033333333333,3,77.91666666666667,False,8,7239.0,6195.0,-11.0
2025-04-12 17:09:02.257,0 days 01:21:27.295000,0 days 00:00:25.424000,1573.3880555555556,153.0,11091.0,3,78.0,False,8,7237.726366646499,6193.779693756963,-11.070941841348432
2025-04-12 17:09:02.312,0 days 01:21:27.350000,0 days 00:00:25.479000,1575.7978145718043,154.83333546666665,10962.666517333333,3,82.8125056,False,8,7220.0,6177.0,-12.0
2025-04-12 17:09:02.497,0 days 01:21:27.535000,0 days 00:00:25.664000,1584.121388888889,161.0,10531.0,3,99.0,False,8,7156.112832062154,6122.49851761566,-11.946009556561325
2025-04-12 17:09:02.533,0 days 01:21:27.571000,0 days 00:00:25.700000,1585.7898732565195,162.79104534640248,10546.761199048342,3,99.0,False,8,7143.0,6112.0,-12.0
2025-04-12 17:09:02.698,0 days 01:21:27.736000,0 days 00:00:25.865000,1593.668888888889,171.0,10619.0,4,99.0,False,8,7080.358149696707,6063.843523805714,-13.658715823737944
2025-04-12 17:09:02.732,0 days 01:21:27.770000,0 days 00:00:25.899000,1595.3478324064677,172.7071189403531,10769.084206839376,4,99.0,False,8,7067.0,6054.0,-14.0
2025-04-12 17:09:02.937,0 days 01:21:27.975000,0 days 00:00:26.104000,1605.8180555555557,183.0,11674.0,4,99.0,False,8,6983.494329305077,5995.49425518257,-14.966948436282545
2025-04-12 17:09:03.073,0 days 01:21:28.111000,0 days 00:00:26.240000,1612.9616575620325,186.77777777777777,11195.355555555556,4,98.62222222222222,False,8,6926.0,5956.0,-15.0
2025-04-12 17:09:03.232,0 days 01:21:28.270000,0 days 00:00:26.399000,1621.5254779940587,191.1944462222222,10635.763663644444,4,98.18055537777778,False,8,6857.0,5908.0,-15.0
2025-04-12 17:09:03.297,0 days 01:21:28.335000,0 days 00:00:26.464000,1625.1180555555557,193.0,10407.0,5,98.0,False,8,6827.927633234171,5887.76905219487,-15.3970697857336
2025-04-12 17:09:03.373,0 days 01:21:28.411000,0 days 00:00:26.540000,1629.387620739579,196.325,10527.8875,5,98.2375,False,8,6794.0,5864.0,-16.0
2025-04-12 17:09:03.573,0 days 01:21:28.611000,0 days 00:00:26.740000,1640.9367790573206,205.075,10846.0125,5,98.8625,False,8,6703.0,5798.0,-17.0
2025-04-12 17:09:03.617,0 days 01:21:28.655000,0 days 00:00:26.784000,1643.5180555555557,207.0,10916.0,5,99.0,False,8,6678.3207859653,5779.589049880826,-17.152921850600855
2025-04-12 17:09:03.817,0 days 01:21:28.855000,0 days 00:00:26.984000,1655.406944444445,214.0,11299.0,5,99.0,False,8,6547.13499040767,5680.1519205320765,-17.70060439399202
2025-04-12 17:09:03.893,0 days 01:21:28.931000,0 days 00:00:27.060000,1659.9838793312206,215.35714285714286,11363.057142857142,5,99.0,False,8,6505.0,5648.0,-18.0
2025-04-12 17:09:04.097,0 days 01:21:29.135000,0 days 00:00:27.264000,1672.440277777778,219.0,11535.0,5,99.0,False,8,6430.151909985642,5590.502504918595,-19.220026730149343
2025-04-12 17:09:04.297,0 days 01:21:29.335000,0 days 00:00:27.464000,1684.940277777778,225.0,11577.0,5,99.0,False,8,6364.067598892574,5531.7186374497005,-20.659253273307552
2025-04-12 17:09:04.352,0 days 01:21:29.390000,0 days 00:00:27.519000,1688.4337164603853,226.718752,11270.7183936,5,99.0,False,8,6334.0,5503.0,-21.0
2025-04-12 17:09:04.457,0 days 01:21:29.495000,0 days 00:00:27.624000,1695.1625000000001,230.0,10686.0,5,99.0,False,8,6262.457963615051,5433.257157575905,-21.583497496160003
2025-04-12 17:09:04.533,0 days 01:21:29.571000,0 days 00:00:27.700000,1700.069786887035,231.52,10686.0,5,99.0,False,8,6215.0,5386.0,-22.0
2025-04-12 17:09:04.657,0 days 01:21:29.695000,0 days 00:00:27.824000,1708.1625000000004,234.0,10686.0,6,99.0,False,8,6167.567235472334,5336.258529055277,-22.737486927641413
2025-04-12 17:09:04.813,0 days 01:21:29.851000,0 days 00:00:27.980000,1718.546984745791,237.9,10914.985714285714,6,99.0,False,8,6129.0,5290.0,-24.0
2025-04-12 17:09:04.937,0 days 01:21:29.975000,0 days 00:00:28.104000,1726.9069444444447,241.0,11097.0,6,99.0,False,8,6084.463937394768,5235.406874367249,-25.494389869712954
2025-04-12 17:09:05.113,0 days 01:21:30.151000,0 days 00:00:28.280000,1738.861774091748,243.44444444444446,11225.08888888889,6,99.0,False,8,6011.0,5142.0,-28.0
2025-04-12 17:09:05.297,0 days 01:21:30.335000,0 days 00:00:28.464000,1751.5069444444446,246.0,11359.0,6,99.0,False,8,5939.892528612539,5043.517244366335,-30.422366048037826
2025-04-12 17:09:05.393,0 days 01:21:30.431000,0 days 00:00:28.560000,1758.1789552312641,247.68,11392.12,6,99.0,False,8,5903.0,4990.0,-31.0
2025-04-12 17:09:05.493,0 days 01:21:30.531000,0 days 00:00:28.660000,1765.1833183087197,249.43,11426.62,6,99.0,False,8,5864.0,4932.0,-31.0
2025-04-12 17:09:05.673,0 days 01:21:30.711000,0 days 00:00:28.840000,1777.9106931602141,252.58,11488.72,6,99.0,False,8,5797.0,4825.0,-32.0
2025-04-12 17:09:05.697,0 days 01:21:30.735000,0 days 00:00:28.864000,1779.6180555555559,253.0,11497.0,6,99.0,False,8,5788.199815934688,4810.4213790257045,-32.14413048105386
2025-04-12 17:09:05.913,0 days 01:21:30.951000,0 days 00:00:29.080000,1794.9611275106781,254.8,11092.9,6,18.0,False,8,5709.0,4678.0,-33.0
2025-04-12 17:09:05.937,0 days 01:21:30.975000,0 days 00:00:29.104000,1796.6180555555559,255.0,11048.0,6,9.0,False,8,5700.087942314574,4663.686912293542,-33.022113963550375
2025-04-12 17:09:06.173,0 days 01:21:31.211000,0 days 00:00:29.340000,1812.1552566749883,243.2,11413.308333333332,6,4.575,False,8,5610.0,4531.0,-33.0
2025-04-12 17:09:06.333,0 days 01:21:31.371000,0 days 00:00:29.500000,1822.179537813967,235.2,11660.975,6,1.5750000000000002,False,8,5544.0,4453.0,-34.0
2025-04-12 17:09:06.417,0 days 01:21:31.455000,0 days 00:00:29.584000,1827.4180555555558,231.0,11791.0,6,0.0,True,8,5506.649543421576,4414.477235203321,-34.60209426963923
2025-04-12 17:09:06.473,0 days 01:21:31.511000,0 days 00:00:29.640000,1830.901168265726,229.2,11709.4,6,0.2,True,8,5481.0,4390.0,-35.0
2025-04-12 17:09:06.697,0 days 01:21:31.735000,0 days 00:00:29.864000,1844.6847222222225,222.0,11383.0,5,1.0,False,8,5374.418389288894,4304.49467650343,-36.5315964767189
2025-04-12 17:09:06.772,0 days 01:21:31.810000,0 days 00:00:29.939000,1849.1965394763529,219.8906232,11342.4530904,5,8.7343816,False,8,5337.0,4281.0,-37.0
2025-04-12 17:09:06.932,0 days 01:21:31.970000,0 days 00:00:30.099000,1858.6500822790274,215.3906232,11255.9530904,5,25.234381600000003,False,8,5254.0,4240.0,-38.0
2025-04-12 17:09:07.017,0 days 01:21:32.055000,0 days 00:00:30.184000,1863.6180555555559,213.0,11210.0,5,34.0,False,8,5208.211902112648,4222.914745069678,-38.74294276230785
2025-04-12 17:09:07.212,0 days 01:21:32.250000,0 days 00:00:30.379000,1874.9182692561296,210.2142848,11194.6785664,5,66.7321536,False,8,5098.0,4196.0,-41.0
2025-04-12 17:09:07.297,0 days 01:21:32.335000,0 days 00:00:30.464000,1879.8736111111114,209.0,11188.0,5,81.0,False,8,5047.16063072929,4189.761600237906,-42.1265680242593
2025-04-12 17:09:07.432,0 days 01:21:32.470000,0 days 00:00:30.599000,1887.8357900546657,211.25000106666667,11326.3750656,5,87.00000284444444,False,8,4966.0,4185.0,-44.0
2025-04-12 17:09:07.632,0 days 01:21:32.670000,0 days 00:00:30.799000,1899.851455467035,214.5833344,11531.3750656,5,95.88889173333334,False,8,4844.0,4184.0,-47.0
2025-04-12 17:09:07.657,0 days 01:21:32.695000,0 days 00:00:30.824000,1901.3736111111116,215.0,11557.0,5,97.0,False,8,4824.772227990975,4184.363251681937,-47.49886751207004
2025-04-12 17:09:07.852,0 days 01:21:32.890000,0 days 00:00:31.019000,1913.4013924365347,219.8750016,11535.333326222222,5,98.08333368888889,False,8,4660.0,4189.0,-52.0
2025-04-12 17:09:08.017,0 days 01:21:33.055000,0 days 00:00:31.184000,1923.7736111111114,224.0,11517.0,5,99.0,False,8,4577.993776291608,4189.701062565281,-54.79173575202634
2025-04-12 17:09:08.152,0 days 01:21:33.190000,0 days 00:00:31.319000,1932.3796331432115,228.05000192,10846.04968192,5,99.0,False,8,4523.0,4188.0,-57.0
2025-04-12 17:09:08.217,0 days 01:21:33.255000,0 days 00:00:31.384000,1936.5513888888893,230.0,10523.0,6,99.0,False,8,4490.715826799956,4186.605884004337,-58.2626690779492
2025-04-12 17:09:08.372,0 days 01:21:33.410000,0 days 00:00:31.539000,1946.556412220913,231.66071497142858,10696.267928685715,6,92.91071177142857,False,8,4396.0,4178.0,-62.0
2025-04-12 17:09:08.497,0 days 01:21:33.535000,0 days 00:00:31.664000,1954.6736111111115,233.0,10836.0,6,88.0,False,8,4297.0874055544755,4159.107173535149,-66.11130596945031
2025-04-12 17:09:08.672,0 days 01:21:33.710000,0 days 00:00:31.839000,1966.0983536479903,234.31250048,10898.56252288,6,89.31250048,False,8,4160.0,4124.0,-72.0
2025-04-12 17:09:08.897,0 days 01:21:33.935000,0 days 00:00:32.064000,1980.8958333333337,236.0,10979.0,6,91.0,False,8,4058.8731777915077,4084.81143477457,-76.57567855310832
2025-04-12 17:09:08.972,0 days 01:21:34.010000,0 days 00:00:32.139000,1985.8568659021748,237.12500096,11036.75004928,6,91.0,False,8,4026.0,4069.0,-78.0
2025-04-12 17:09:09.097,0 days 01:21:34.135000,0 days 00:00:32.264000,1994.1736111111118,239.0,11133.0,6,91.0,False,8,3960.9431908280853,4036.9420561010247,-80.66747718736366
2025-04-12 17:09:09.232,0 days 01:21:34.270000,0 days 00:00:32.399000,2003.2575321966117,240.6822441235627,11169.168248656599,6,93.94392721623471,False,8,3875.0,3985.0,-84.0
2025-04-12 17:09:09.418,0 days 01:21:34.456000,0 days 00:00:32.585000,2015.8411111111116,243.0,11219.0,6,98.0,False,8,3730.4791917371044,3869.772582270225,-89.37274436340597
2025-04-12 17:09:09.512,0 days 01:21:34.550000,0 days 00:00:32.679000,2022.1709998027684,243.0,11244.421408031634,6,98.5911955356194,False,8,3667.0,3813.0,-92.0
2025-04-12 17:09:09.577,0 days 01:21:34.615000,0 days 00:00:32.744000,2026.5736111111114,243.0,11262.0,6,99.0,False,8,3632.1515046334766,3779.5207693201137,-93.67351253017989
2025-04-12 17:09:09.857,0 days 01:21:34.895000,0 days 00:00:33.024000,2045.9402777777782,249.0,11456.0,6,99.0,False,8,3546.7993417777375,3673.0001552148155,-100.45747671964604
2025-04-12 17:09:09.933,0 days 01:21:34.971000,0 days 00:00:33.100000,2051.2270239111767,249.76,11480.32,6,99.0,False,8,3524.0,3640.0,-103.0
2025-04-12 17:09:10.057,0 days 01:21:35.095000,0 days 00:00:33.224000,2059.8847222222225,251.0,11520.0,6,99.0,False,8,3481.3752756358663,3577.6618463541345,-108.0569895662419
2025-04-12 17:09:10.292,0 days 01:21:35.330000,0 days 00:00:33.459000,2076.5193236295986,254.35714377142858,11671.071469714285,6,99.0,False,8,3390.0,3440.0,-119.0
2025-04-12 17:09:10.337,0 days 01:21:35.375000,0 days 00:00:33.504000,2079.718055555556,255.0,11700.0,6,99.0,False,8,3372.676944522379,3412.8193324954805,-120.91155507847742
2025-04-12 17:09:10.413,0 days 01:21:35.451000,0 days 00:00:33.580000,2085.1224777723946,255.76,11716.34,6,99.0,False,8,3344.0,3367.0,-124.0
2025-04-12 17:09:10.537,0 days 01:21:35.575000,0 days 00:00:33.704000,2093.995833333334,257.0,11743.0,6,99.0,False,8,3300.155237984539,3294.6936295085357,-128.73069708742887
2025-04-12 17:09:10.713,0 days 01:21:35.751000,0 days 00:00:33.880000,2106.745712714274,259.64,11815.16,6,99.0,False,8,3234.0,3182.0,-135.0
2025-04-12 17:09:10.737,0 days 01:21:35.775000,0 days 00:00:33.904000,2108.4402777777786,260.0,11825.0,6,99.0,False,8,3223.4067781594304,3163.8940137372624,-135.83895502903832
2025-04-12 17:09:10.933,0 days 01:21:35.971000,0 days 00:00:34.100000,2121.6370725551205,245.3,11108.62,6,50.489999999999995,False,8,3133.0,3010.0,-142.0
2025-04-12 17:09:11.137,0 days 01:21:36.175000,0 days 00:00:34.304000,2133.9958333333343,230.0,10363.0,6,0.0,True,8,3074.7203348926173,2916.6456030501304,-144.8792355445528
2025-04-12 17:09:11.253,0 days 01:21:36.291000,0 days 00:00:34.420000,2140.320754694937,216.37,10169.28,6,0.0,True,8,3044.0,2872.0,-146.0
2025-04-12 17:09:11.493,0 days 01:21:36.531000,0 days 00:00:34.660000,2152.1993190948774,188.17000000000002,9768.48,6,0.0,True,8,2966.0,2765.0,-149.0
2025-04-12 17:09:11.537,0 days 01:21:36.575000,0 days 00:00:34.704000,2154.3291666666673,183.0,9695.0,6,0.0,True,8,2952.9106312281288,2747.7863785346617,-149.61523972314785
2025-04-12 17:09:11.697,0 days 01:21:36.735000,0 days 00:00:34.864000,2161.8847222222225,170.0,10134.0,6,0.0,True,8,2905.447193239691,2688.480005143807,-151.82368102801004
2025-04-12 17:09:11.712,0 days 01:21:36.750000,0 days 00:00:34.879000,2162.549239604433,168.43749333333332,10122.687451733333,6,0.0,True,8,2900.0,2682.0,-152.0
2025-04-12 17:09:11.937,0 days 01:21:36.975000,0 days 00:00:35.104000,2171.5513888888895,145.0,9953.0,6,0.0,True,8,2805.009736085994,2573.533394961151,-153.91184740910577
2025-04-12 17:09:11.952,0 days 01:21:36.990000,0 days 00:00:35.119000,2172.1095882510667,144.12499626666667,9886.749717333334,6,0.0,True,8,2800.0,2568.0,-154.0
2025-04-12 17:09:12.297,0 days 01:21:37.335000,0 days 00:00:35.464000,2183.9513888888896,124.0,8363.0,3,0.0,True,8,2745.9884624228253,2520.102243118657,-154.96309863539557
2025-04-12 17:09:12.353,0 days 01:21:37.391000,0 days 00:00:35.520000,2185.750432368295,121.6,8210.4,3,0.0,True,8,2735.0,2514.0,-155.0
2025-04-12 17:09:12.532,0 days 01:21:37.570000,0 days 00:00:35.699000,2191.3100155958264,113.92856868571428,7722.6248256,3,0.0,True,8,2686.0,2488.0,-155.0
2025-04-12 17:09:12.577,0 days 01:21:37.615000,0 days 00:00:35.744000,2192.662500000001,112.0,7600.0,3,0.0,True,8,2673.15567380267,2482.3024652153413,-154.99654638023006
2025-04-12 17:09:12.817,0 days 01:21:37.855000,0 days 00:00:35.984000,2199.595833333334,104.0,7278.0,3,0.0,True,8,2606.447555097673,2461.8934169581894,-154.9997573775021
2025-04-12 17:09:12.833,0 days 01:21:37.871000,0 days 00:00:36,2200.0453148950537,103.66666666666667,7236.2,3,0.0,True,8,2602.0,2461.0,-155.0
2025-04-12 17:09:13.033,0 days 01:21:38.071000,0 days 00:00:36.200000,2205.5491048010313,99.5,6713.7,3,0.0,True,8,2547.0,2455.0,-155.0
2025-04-12 17:09:13.057,0 days 01:21:38.095000,0 days 00:00:36.224000,2206.195833333334,99.0,6651.0,3,0.0,True,8,2540.758269660217,2455.1252240205977,-154.99992508828834
2025-04-12 17:09:13.232,0 days 01:21:38.270000,0 days 00:00:36.399000,2210.8246358584465,95.49999872,6380.62490112,3,0.0,True,8,2498.0,2462.0,-155.0
2025-04-12 17:09:13.257,0 days 01:21:38.295000,0 days 00:00:36.424000,2211.473611111112,95.0,6342.0,3,0.0,True,8,2492.1977169146753,2463.8242203241552,-155.0001848414816
2025-04-12 17:09:13.432,0 days 01:21:38.470000,0 days 00:00:36.599000,2215.9162124467543,91.49999872,6147.74992896,3,0.0,True,8,2454.0,2482.0,-155.0
2025-04-12 17:09:13.457,0 days 01:21:38.495000,0 days 00:00:36.624000,2216.5291666666676,91.0,6120.0,3,0.0,True,8,2449.016179348981,2485.241502139477,-154.99896716678805
2025-04-12 17:09:14.132,0 days 01:21:39.170000,0 days 00:00:37.299000,2231.3447611692573,79.74999893333333,6020.624990577778,3,20.625001955555554,True,8,2356.0,2614.0,-155.0
2025-04-12 17:09:14.177,0 days 01:21:39.215000,0 days 00:00:37.344000,2232.329166666668,79.0,6014.0,3,22.0,False,8,2351.727655005251,2623.166414166126,-155.02224175190634
2025-04-12 17:09:14.312,0 days 01:21:39.350000,0 days 00:00:37.479000,2235.3240995833885,79.75000035555556,6029.375007288889,3,27.25000248888889,False,8,2340.0,2650.0,-155.0
2025-04-12 17:09:14.537,0 days 01:21:39.575000,0 days 00:00:37.704000,2240.4291666666677,81.0,6055.0,3,36.0,False,8,2322.347021086904,2696.5439787731766,-154.08048143861538
2025-04-12 17:09:14.552,0 days 01:21:39.590000,0 days 00:00:37.719000,2240.7729561953083,81.1875008,6089.6251477333335,3,36.87500373333334,False,8,2321.0,2701.0,-154.0
2025-04-12 17:09:14.753,0 days 01:21:39.791000,0 days 00:00:37.920000,2245.451550813349,83.7,6553.6,3,48.6,False,8,2302.0,2773.0,-153.0
2025-04-12 17:09:14.777,0 days 01:21:39.815000,0 days 00:00:37.944000,2246.0291666666676,84.0,6609.0,3,50.0,False,8,2300.3299446481346,2779.949703098295,-152.9458159390497
2025-04-12 17:09:15.152,0 days 01:21:40.190000,0 days 00:00:38.319000,2255.681234072303,92.43750144,7541.8126592,3,63.12500224,False,8,2292.0,2843.0,-153.0
2025-04-12 17:09:15.177,0 days 01:21:40.215000,0 days 00:00:38.344000,2256.362500000001,93.0,7604.0,3,64.0,False,8,2291.7055172394903,2848.972269597441,-152.85963594049878
2025-04-12 17:09:15.313,0 days 01:21:40.351000,0 days 00:00:38.480000,2260.1468316296578,97.37142857142857,8038.714285714285,3,64.0,False,8,2290.0,2887.0,-152.0
2025-04-12 17:09:15.412,0 days 01:21:40.450000,0 days 00:00:38.579000,2262.9838089972127,100.55357348571428,8355.160918857142,3,64.0,False,8,2289.0,2915.0,-152.0
2025-04-12 17:09:15.457,0 days 01:21:40.495000,0 days 00:00:38.624000,2264.2958333333345,102.0,8499.0,3,64.0,False,8,2288.8234754393225,2927.064011568131,-151.96516996507958
2025-04-12 17:09:15.652,0 days 01:21:40.690000,0 days 00:00:38.819000,2270.1500013042946,107.4843768,8616.6094136,3,74.3593784,False,8,2291.0,2985.0,-151.0
2025-04-12 17:09:15.777,0 days 01:21:40.815000,0 days 00:00:38.944000,2274.1625000000013,111.0,8692.0,3,81.0,False,8,2295.8939473337473,3045.911375686895,-149.45457669310383
2025-04-12 17:09:15.893,0 days 01:21:40.931000,0 days 00:00:39.060000,2278.1265231808206,116.49626022882956,8991.980097752434,3,85.33915281223386,False,8,2301.0,3101.0,-148.0
2025-04-12 17:09:16.178,0 days 01:21:41.216000,0 days 00:00:39.345000,2288.6430555555567,130.0,9729.0,3,96.0,False,8,2309.688917588033,3167.691315647363,-146.45204379364125
2025-04-12 17:09:16.252,0 days 01:21:41.290000,0 days 00:00:39.419000,2291.47580314629,133.71859820105385,10242.166551745431,3,96.74371964021077,False,8,2313.0,3188.0,-146.0
2025-04-12 17:09:16.377,0 days 01:21:41.415000,0 days 00:00:39.544000,2296.3819444444453,140.0,11109.0,3,98.0,False,8,2320.559954779263,3234.6156134130706,-144.9280739265957
2025-04-12 17:09:16.577,0 days 01:21:41.615000,0 days 00:00:39.744000,2304.7152777777787,150.0,11367.0,3,99.0,False,8,2337.510218220359,3333.079457449806,-142.25910330663058
2025-04-12 17:09:16.592,0 days 01:21:41.630000,0 days 00:00:39.759000,2305.3713551505884,150.7500032,11349.44992512,3,99.0,False,8,2339.0,3341.0,-142.0
2025-04-12 17:09:16.953,0 days 01:21:41.991000,0 days 00:00:40.120000,2322.4122111415186,168.8,10927.08,3,99.0,False,8,2376.0,3520.0,-135.0
2025-04-12 17:09:16.977,0 days 01:21:42.015000,0 days 00:00:40.144000,2323.6041666666674,170.0,10899.0,4,99.0,False,8,2377.349219560828,3526.345180361411,-134.74424676437928
2025-04-12 17:09:17.273,0 days 01:21:42.311000,0 days 00:00:40.440000,2338.793205643487,183.15555555555557,11384.111111111111,4,99.0,False,8,2388.0,3576.0,-133.0
2025-04-12 17:09:17.337,0 days 01:21:42.375000,0 days 00:00:40.504000,2342.2041666666673,186.0,11489.0,4,99.0,False,8,2394.2668996919697,3604.869029790267,-131.99723744186156
2025-04-12 17:09:17.617,0 days 01:21:42.655000,0 days 00:00:40.784000,2357.6041666666674,198.0,10598.0,4,99.0,False,8,2435.9640692702073,3797.4848023367094,-125.31835184830804
2025-04-12 17:09:17.632,0 days 01:21:42.670000,0 days 00:00:40.799000,2358.4420238439807,198.32142994285715,10617.821513142857,4,99.0,False,8,2438.0,3807.0,-125.0
2025-04-12 17:09:17.897,0 days 01:21:42.935000,0 days 00:00:41.064000,2373.470833333334,204.0,10968.0,5,99.0,False,8,2467.05713512345,3944.992399415474,-120.68262808037721
2025-04-12 17:09:18.033,0 days 01:21:43.071000,0 days 00:00:41.200000,2381.4731005552203,209.1,11158.4,5,99.0,False,8,2481.0,4009.0,-119.0
2025-04-12 17:09:18.137,0 days 01:21:43.175000,0 days 00:00:41.304000,2387.6708333333345,213.0,11304.0,5,99.0,False,8,2492.476524329668,4059.518641099964,-117.82643165394182
2025-04-12 17:09:18.293,0 days 01:21:43.331000,0 days 00:00:41.460000,2397.0284644429066,215.925,11567.25,5,99.0,False,8,2511.0,4138.0,-116.0
2025-04-12 17:09:18.297,0 days 01:21:43.335000,0 days 00:00:41.464000,2397.2708333333344,216.0,11574.0,5,99.0,False,8,2511.495303233461,4140.058148114183,-115.94686068587843
2025-04-12 17:09:18.593,0 days 01:21:43.631000,0 days 00:00:41.760000,2415.585076958908,222.475,11396.4,5,99.0,False,8,2554.0,4317.0,-111.0
2025-04-12 17:09:18.617,0 days 01:21:43.655000,0 days 00:00:41.784000,2417.0930555555565,223.0,11382.0,5,99.0,False,8,2558.492232633114,4336.728807751738,-110.49268113449591
2025-04-12 17:09:18.777,0 days 01:21:43.815000,0 days 00:00:41.944000,2427.22638888889,228.0,10553.0,6,99.0,False,8,2592.729051557354,4491.295615478303,-106.75360928172347
2025-04-12 17:09:18.893,0 days 01:21:43.931000,0 days 00:00:42.060000,2434.6957544271245,230.9,10680.02,6,99.0,False,8,2612.0,4579.0,-105.0
2025-04-12 17:09:18.977,0 days 01:21:44.015000,0 days 00:00:42.144000,2440.1708333333345,233.0,10772.0,6,99.0,False,8,2619.8370418661734,4614.224305627646,-104.6545866397968
2025-04-12 17:09:19.133,0 days 01:21:44.171000,0 days 00:00:42.300000,2450.481636748374,236.34285714285716,10915.185714285713,6,99.0,False,8,2629.0,4657.0,-105.0
2025-04-12 17:09:19.257,0 days 01:21:44.295000,0 days 00:00:42.424000,2458.7597222222234,239.0,11029.0,6,99.0,False,8,2642.9235775972293,4727.053265274798,-104.67403468775206
2025-04-12 17:09:19.393,0 days 01:21:44.431000,0 days 00:00:42.560000,2467.8827815194754,241.04,11156.84,6,99.0,False,8,2662.0,4827.0,-104.0
2025-04-12 17:09:19.457,0 days 01:21:44.495000,0 days 00:00:42.624000,2472.2041666666682,242.0,11217.0,6,99.0,False,8,2670.951482449355,4875.875184835438,-103.71544630592228
2025-04-12 17:09:19.697,0 days 01:21:44.735000,0 days 00:00:42.864000,2488.604166666668,246.0,11350.0,6,99.0,False,8,2702.2709581065196,5057.364247146479,-103.00784727331433
2025-04-12 17:09:19.713,0 days 01:21:44.751000,0 days 00:00:42.880000,2489.7069661052974,246.26666666666668,11356.333333333334,6,99.0,False,8,2704.0,5068.0,-103.0
2025-04-12 17:09:19.937,0 days 01:21:44.975000,0 days 00:00:43.104000,2505.270833333335,250.0,11445.0,6,99.0,False,8,2723.530543748103,5198.8962489399355,-103.56266772422691
2025-04-12 17:09:19.992,0 days 01:21:45.030000,0 days 00:00:43.159000,2509.132909422685,250.859376,11472.3281568,6,99.0,False,8,2728.0,5233.0,-104.0
2025-04-12 17:09:20.152,0 days 01:21:45.190000,0 days 00:00:43.319000,2520.45817931044,253.359376,11551.8281568,6,99.0,False,8,2741.0,5344.0,-106.0
2025-04-12 17:09:20.257,0 days 01:21:45.295000,0 days 00:00:43.424000,2527.9375000000014,255.0,11604.0,6,99.0,False,8,2747.978445998561,5421.955729410651,-107.67754019479878
2025-04-12 17:09:20.392,0 days 01:21:45.430000,0 days 00:00:43.559000,2537.597428998354,257.02500096,11715.3750528,6,99.0,False,8,2754.0,5525.0,-110.0
2025-04-12 17:09:20.457,0 days 01:21:45.495000,0 days 00:00:43.624000,2542.270833333335,258.0,11769.0,6,99.0,False,8,2755.3539853036614,5574.772986265883,-111.08578887741919
2025-04-12 17:09:20.733,0 days 01:21:45.771000,0 days 00:00:43.900000,2562.206123830534,259.9714285714286,12040.07142857143,6,79.28571428571429,False,8,2742.0,5793.0,-116.0
2025-04-12 17:09:20.737,0 days 01:21:45.775000,0 days 00:00:43.904000,2562.493055555557,260.0,12044.0,6,79.0,False,8,2741.4131180940803,5796.367671790973,-116.08641742049019
2025-04-12 17:09:20.937,0 days 01:21:45.975000,0 days 00:00:44.104000,2576.7152777777787,256.0,11641.0,6,1.0,False,8,2696.147934157905,5973.397772689474,-121.07196228936277
2025-04-12 17:09:21.097,0 days 01:21:46.135000,0 days 00:00:44.264000,2587.82638888889,250.0,10901.0,6,0.0,True,8,2653.4103194628183,6098.61385569785,-124.97358554668887
2025-04-12 17:09:21.152,0 days 01:21:46.190000,0 days 00:00:44.319000,2591.4746620552028,244.4999936,10707.67477504,6,0.0,True,8,2642.0,6130.0,-126.0
2025-04-12 17:09:21.297,0 days 01:21:46.335000,0 days 00:00:44.464000,2600.6041666666674,230.0,10198.0,6,0.0,True,8,2619.981142988117,6184.126811506151,-127.93295162688761
2025-04-12 17:09:21.512,0 days 01:21:46.550000,0 days 00:00:44.679000,2612.8732591785238,210.8888832,9759.6387584,6,0.0,True,8,2585.0,6244.0,-129.0
2025-04-12 17:09:21.573,0 days 01:21:46.611000,0 days 00:00:44.740000,2616.1064271396594,205.46666666666667,9635.266666666666,6,0.0,True,8,2568.0,6272.0,-129.0
2025-04-12 17:09:21.657,0 days 01:21:46.695000,0 days 00:00:44.824000,2620.4041666666676,198.0,9464.0,6,0.0,True,8,2543.4887392367295,6309.394367959264,-128.9106303434847
2025-04-12 17:09:21.813,0 days 01:21:46.851000,0 days 00:00:44.980000,2627.9069399459345,176.94,10322.0,6,0.0,True,8,2498.0,6371.0,-129.0
2025-04-12 17:09:21.857,0 days 01:21:46.895000,0 days 00:00:45.024000,2629.9041666666676,171.0,10564.0,6,0.0,True,8,2485.8085168041766,6386.328534247208,-129.25387428934872
2025-04-12 17:09:22.017,0 days 01:21:47.055000,0 days 00:00:45.184000,2636.7041666666673,153.0,10671.0,6,0.0,True,8,2438.5771414623014,6438.6552487868585,-130.83762894638227
2025-04-12 17:09:22.032,0 days 01:21:47.070000,0 days 00:00:45.199000,2637.30241354031,151.8749952,10684.6406832,6,0.0,True,8,2433.0,6444.0,-131.0
2025-04-12 17:09:22.312,0 days 01:21:47.350000,0 days 00:00:45.479000,2647.346857682417,130.8749952,10939.2656832,6,0.0,True,8,2310.0,6546.0,-134.0
2025-04-12 17:09:22.337,0 days 01:21:47.375000,0 days 00:00:45.504000,2648.170833333334,129.0,10962.0,3,0.0,True,8,2302.4538680101336,6551.664821479896,-134.23636038432312
2025-04-12 17:09:22.653,0 days 01:21:47.691000,0 days 00:00:45.820000,2657.834767970624,110.29594642660614,9313.09001392449,3,0.0,True,8,2255.0,6577.0,-137.0
2025-04-12 17:09:22.658,0 days 01:21:47.696000,0 days 00:00:45.825000,2657.9791666666674,110.0,9287.0,2,0.0,True,8,2254.037703717258,6577.419176776298,-137.05177590717153
2025-04-12 17:09:22.872,0 days 01:21:47.910000,0 days 00:00:46.039000,2663.9518766871734,102.6206867218685,8691.959011117942,2,0.0,True,8,2198.0,6600.0,-140.0
2025-04-12 17:09:22.977,0 days 01:21:48.015000,0 days 00:00:46.144000,2666.7516666666675,99.0,8400.0,2,0.0,True,8,2163.3784797792796,6607.603293299763,-142.56412811234603
2025-04-12 17:09:23.193,0 days 01:21:48.231000,0 days 00:00:46.360000,2672.2632441263336,92.82857142857142,7622.4,2,0.0,True,8,2094.0,6614.0,-148.0
2025-04-12 17:09:23.257,0 days 01:21:48.295000,0 days 00:00:46.424000,2673.8294444444455,91.0,7392.0,2,0.0,True,8,2079.7927979521414,6614.229765990215,-148.65219688345812
2025-04-12 17:09:23.573,0 days 01:21:48.611000,0 days 00:00:46.740000,2681.145796558177,83.97777777777777,7182.211111111111,2,0.0,True,8,2032.0,6597.0,-147.0
2025-04-12 17:09:23.617,0 days 01:21:48.655000,0 days 00:00:46.784000,2682.1294444444457,83.0,7153.0,2,0.0,False,8,2022.482091541379,6590.30397887367,-146.65309100862754
2025-04-12 17:09:23.853,0 days 01:21:48.891000,0 days 00:00:47.020000,2687.301300113207,80.31818181818181,6872.481818181818,2,0.0,False,8,1967.0,6545.0,-145.0
2025-04-12 17:09:24.057,0 days 01:21:49.095000,0 days 00:00:47.224000,2691.662777777779,78.0,6630.0,2,0.0,False,8,1949.047922983794,6521.08822413599,-144.2329213893403
2025-04-12 17:09:24.133,0 days 01:21:49.171000,0 days 00:00:47.300000,2693.2685003553647,77.525,6791.975,2,6.175,False,8,1944.0,6512.0,-144.0
2025-04-12 17:09:24.377,0 days 01:21:49.415000,0 days 00:00:47.544000,2698.4183333333344,76.0,7312.0,2,26.0,False,8,1920.2561639330604,6468.379765977385,-143.1591858507475
2025-04-12 17:09:24.413,0 days 01:21:49.451000,0 days 00:00:47.580000,2699.19197600896,76.45,7330.0,2,26.75,False,8,1916.0,6458.0,-143.0
2025-04-12 17:09:24.617,0 days 01:21:49.655000,0 days 00:00:47.784000,2703.6850000000013,79.0,7432.0,2,31.0,False,8,1891.3892628978356,6385.401893746979,-142.0418170235282
2025-04-12 17:09:24.633,0 days 01:21:49.671000,0 days 00:00:47.800000,2704.0491314454566,79.33333333333333,7480.333333333333,2,31.733333333333334,False,8,1890.0,6381.0,-142.0
2025-04-12 17:09:24.857,0 days 01:21:49.895000,0 days 00:00:48.024000,2709.285000000001,84.0,8157.0,2,42.0,False,8,1881.7892146431973,6351.781324802444,-142.0848462890444
2025-04-12 17:09:24.953,0 days 01:21:49.991000,0 days 00:00:48.120000,2711.5355373889897,84.8,8451.8,2,46.0,False,8,1879.0,6339.0,-142.0
2025-04-12 17:09:25.097,0 days 01:21:50.135000,0 days 00:00:48.264000,2715.018333333335,86.0,8894.0,2,52.0,False,8,1871.626000694466,6306.304328419766,-141.3852632143853
2025-04-12 17:09:25.213,0 days 01:21:50.251000,0 days 00:00:48.380000,2718.060842215018,90.97142857142858,9020.357142857143,2,56.971428571428575,False,8,1865.0,6275.0,-141.0
2025-04-12 17:09:25.377,0 days 01:21:50.415000,0 days 00:00:48.544000,2722.640555555557,98.0,9199.0,2,64.0,False,8,1857.204236197648,6231.6176615011,-141.23636565061634
2025-04-12 17:09:25.473,0 days 01:21:50.511000,0 days 00:00:48.640000,2725.409586898769,101.84,9682.36,2,67.84,False,8,1853.0,6204.0,-141.0
2025-04-12 17:09:25.577,0 days 01:21:50.615000,0 days 00:00:48.744000,2728.529444444446,106.0,10206.0,2,72.0,False,8,1848.5688521257375,6172.034580968498,-140.10868848738164
2025-04-12 17:09:25.592,0 days 01:21:50.630000,0 days 00:00:48.759000,2728.9941514622205,106.703128,10259.2971024,2,72.6562528,False,8,1848.0,6168.0,-140.0
2025-04-12 17:09:25.897,0 days 01:21:50.935000,0 days 00:00:49.064000,2739.2850000000017,121.0,11343.0,2,86.0,False,8,1837.9422819631448,6099.608133409055,-139.98461696812254
2025-04-12 17:09:25.913,0 days 01:21:50.951000,0 days 00:00:49.080000,2739.872934080404,121.83333333333333,11341.033333333333,2,86.43333333333334,False,8,1837.0,6092.0,-140.0
2025-04-12 17:09:26.093,0 days 01:21:51.131000,0 days 00:00:49.260000,2746.828182593123,131.20833333333334,11318.908333333333,2,91.30833333333334,False,8,1824.0,5982.0,-140.0
2025-04-12 17:09:26.377,0 days 01:21:51.415000,0 days 00:00:49.544000,2758.7516666666684,146.0,11284.0,3,99.0,False,8,1815.608631564936,5908.129103928467,-139.99361259631638
2025-04-12 17:09:26.432,0 days 01:21:51.470000,0 days 00:00:49.599000,2761.138234133397,148.7500032,11182.7655072,3,99.0,False,8,1814.0,5892.0,-140.0
2025-04-12 17:09:26.697,0 days 01:21:51.735000,0 days 00:00:49.864000,2773.1516666666685,162.0,10695.0,3,99.0,False,14,1802.6395955961673,5774.505402178149,-140.00771974132468
2025-04-12 17:09:26.712,0 days 01:21:51.750000,0 days 00:00:49.879000,2773.872659299673,162.78409425454547,10724.420580072727,3,99.0,False,14,1802.0,5768.0,-140.0
2025-04-12 17:09:26.892,0 days 01:21:51.930000,0 days 00:00:50.059000,2782.902065665051,172.19318516363637,11077.466034618183,3,99.0,False,14,1794.0,5684.0,-140.0
2025-04-12 17:09:27.092,0 days 01:21:52.130000,0 days 00:00:50.259000,2793.404639437032,182.6477306181818,11469.738761890909,3,99.0,False,14,1780.0,5511.0,-141.0
2025-04-12 17:09:27.137,0 days 01:21:52.175000,0 days 00:00:50.304000,2795.76277777778,185.0,11558.0,4,99.0,False,12,1777.5495280988403,5478.907737286648,-141.1412801281349
2025-04-12 17:09:27.297,0 days 01:21:52.335000,0 days 00:00:50.464000,2804.207222222224,190.0,10479.0,4,99.0,False,12,1772.3943286188821,5404.236491478458,-141.15762405253227
2025-04-12 17:09:27.572,0 days 01:21:52.610000,0 days 00:00:50.739000,2819.8770737738023,203.7500032,10818.453204,4,99.0,False,12,1768.0,5324.0,-141.0
2025-04-12 17:09:27.617,0 days 01:21:52.655000,0 days 00:00:50.784000,2822.5183333333352,206.0,10874.0,5,99.0,False,12,1766.7452212782312,5304.5868662783005,-141.1520068820592
2025-04-12 17:09:27.813,0 days 01:21:52.851000,0 days 00:00:50.980000,2834.150926997312,211.44444444444446,11154.933333333332,5,99.0,False,12,1759.0,5185.0,-142.0
2025-04-12 17:09:27.977,0 days 01:21:53.015000,0 days 00:00:51.144000,2844.118333333335,216.0,11390.0,5,99.0,False,12,1749.6664897081318,5027.322292138436,-142.00723397515026
2025-04-12 17:09:27.992,0 days 01:21:53.030000,0 days 00:00:51.159000,2845.043499177741,216.62500266666666,11337.187274666667,5,99.0,False,12,1749.0,5016.0,-142.0
2025-04-12 17:09:28.217,0 days 01:21:53.255000,0 days 00:00:51.384000,2859.1850000000018,226.0,10545.0,5,99.0,False,12,1743.891340056927,4930.853659776626,-141.98873955523896
2025-04-12 17:09:28.252,0 days 01:21:53.290000,0 days 00:00:51.419000,2861.4266750052566,226.8750016,10581.7500672,5,99.0,False,12,1743.0,4916.0,-142.0
2025-04-12 17:09:28.492,0 days 01:21:53.530000,0 days 00:00:51.659000,2877.071913248168,232.8750016,10833.7500672,5,99.0,False,12,1734.0,4762.0,-142.0
2025-04-12 17:09:28.577,0 days 01:21:53.615000,0 days 00:00:51.744000,2882.6850000000018,235.0,10923.0,6,99.0,False,12,1731.160075928282,4709.3302798300165,-141.78599594859065
2025-04-12 17:09:28.812,0 days 01:21:53.850000,0 days 00:00:51.979000,2898.3743754177303,240.03571565714284,11177.303640685714,6,99.0,False,12,1723.0,4550.0,-141.0
2025-04-12 17:09:28.857,0 days 01:21:53.895000,0 days 00:00:52.024000,2901.4294444444463,241.0,11226.0,6,99.0,False,12,1720.6611576078435,4506.242481485695,-140.96982404503566
2025-04-12 17:09:29.012,0 days 01:21:54.050000,0 days 00:00:52.179000,2912.105107989375,245.34579705336765,11409.006342580704,6,99.0,False,12,1712.0,4344.0,-141.0
2025-04-12 17:09:29.178,0 days 01:21:54.216000,0 days 00:00:52.345000,2923.721111111113,250.0,11605.0,6,99.0,False,12,1706.843352701635,4232.854193265657,-140.54669499024996
2025-04-12 17:09:29.378,0 days 01:21:54.416000,0 days 00:00:52.545000,2937.88777777778,255.0,11441.0,6,99.0,False,12,1703.0854760425987,4140.514503343786,-140.65275901476218
2025-04-12 17:09:29.413,0 days 01:21:54.451000,0 days 00:00:52.580000,2940.406126059936,255.803759191147,11391.459206218395,6,99.0,False,12,1702.0,4119.0,-141.0
2025-04-12 17:09:29.493,0 days 01:21:54.531000,0 days 00:00:52.660000,2946.2134486456994,257.64091969724666,11278.22331320607,6,99.0,False,12,1699.0,4062.0,-142.0
2025-04-12 17:09:29.773,0 days 01:21:54.811000,0 days 00:00:52.940000,2966.991961646322,264.0709814685954,10881.897687662939,6,99.0,False,12,1685.0,3769.0,-141.0
2025-04-12 17:09:29.857,0 days 01:21:54.895000,0 days 00:00:53.024000,2973.2805555555574,266.0,10763.0,7,99.0,False,12,1682.1539861315132,3707.074244235662,-140.7352653160928
2025-04-12 17:09:30.137,0 days 01:21:55.175000,0 days 00:00:53.304000,2994.3583333333354,271.0,10908.0,7,99.0,False,12,1676.4160832971015,3583.1869092452544,-140.98947088713038
2025-04-12 17:09:30.152,0 days 01:21:55.190000,0 days 00:00:53.319000,2995.492658202844,271.1875008,10935.4688672,7,99.0,False,12,1676.0,3575.0,-141.0
2025-04-12 17:09:30.297,0 days 01:21:55.335000,0 days 00:00:53.464000,3006.4916666666686,273.0,11201.0,7,99.0,False,12,1671.069623252747,3481.180854856242,-141.02110544030938
2025-04-12 17:09:30.412,0 days 01:21:55.450000,0 days 00:00:53.579000,3015.2780441978434,274.72500096,11175.1249856,7,99.0,False,12,1666.0,3377.0,-141.0
2025-04-12 17:09:30.497,0 days 01:21:55.535000,0 days 00:00:53.664000,3021.825000000002,276.0,11156.0,7,99.0,False,12,1661.5990309381664,3277.965714598839,-140.99397918832545
2025-04-12 17:09:30.692,0 days 01:21:55.730000,0 days 00:00:53.859000,3037.0475941531377,279.6562512,11276.6562896,7,99.0,False,12,1652.0,3051.0,-141.0
2025-04-12 17:09:30.817,0 days 01:21:55.855000,0 days 00:00:53.984000,3046.8916666666687,282.0,11354.0,7,99.0,False,12,1649.3520695787442,2991.524977444792,-141.00516980419826
2025-04-12 17:09:30.972,0 days 01:21:56.010000,0 days 00:00:54.139000,3059.143277027233,283.9375008,11425.6875296,7,99.0,False,12,1647.0,2940.0,-141.0
2025-04-12 17:09:31.057,0 days 01:21:56.095000,0 days 00:00:54.224000,3065.8916666666682,285.0,11465.0,7,99.0,False,12,1644.3694593151317,2877.7534450220846,-140.98504469977996
2025-04-12 17:09:31.153,0 days 01:21:56.191000,0 days 00:00:54.320000,3073.543616923079,286.2,11499.4,7,99.0,False,12,1641.0,2797.0,-141.0
2025-04-12 17:09:31.297,0 days 01:21:56.335000,0 days 00:00:54.464000,3085.0916666666685,288.0,11551.0,7,99.0,False,12,1636.845143757169,2697.18912046997,-141.17974799997958
2025-04-12 17:09:31.493,0 days 01:21:56.531000,0 days 00:00:54.660000,3100.971403787776,290.72222222222223,11291.844444444445,7,99.0,False,12,1629.0,2524.0,-141.0
2025-04-12 17:09:31.653,0 days 01:21:56.691000,0 days 00:00:54.820000,3114.0629971142157,292.94444444444446,11080.288888888888,7,99.0,False,12,1618.0,2296.0,-140.0
2025-04-12 17:09:31.657,0 days 01:21:56.695000,0 days 00:00:54.824000,3114.3916666666682,293.0,11075.0,7,99.0,False,12,1617.7761184627193,2291.3684185825605,-139.9853615536614
2025-04-12 17:09:32.013,0 days 01:21:57.051000,0 days 00:00:55.180000,3143.8593952018778,297.94444444444446,10543.966666666667,7,99.0,False,12,1609.0,2109.0,-141.0
2025-04-12 17:09:32.017,0 days 01:21:57.055000,0 days 00:00:55.184000,3144.191666666668,298.0,10538.0,8,99.0,False,12,1608.8783156635602,2106.5431511117476,-141.01018620299374
2025-04-12 17:09:32.253,0 days 01:21:57.291000,0 days 00:00:55.420000,3163.8274484633125,299.475,10612.4875,8,99.0,False,12,1599.0,1910.0,-141.0
2025-04-12 17:09:32.337,0 days 01:21:57.375000,0 days 00:00:55.504000,3170.8583333333345,300.0,10639.0,8,99.0,False,12,1595.2612848760891,1837.4791873752033,-140.65243583978275
2025-04-12 17:09:32.533,0 days 01:21:57.571000,0 days 00:00:55.700000,3187.3550392001493,302.94,10633.12,8,99.0,False,12,1587.0,1676.0,-140.0
2025-04-12 17:09:32.537,0 days 01:21:57.575000,0 days 00:00:55.704000,3187.691666666668,303.0,10633.0,8,99.0,False,12,1586.843630537895,1672.7925689927083,-140.0095644621252
2025-04-12 17:09:32.733,0 days 01:21:57.771000,0 days 00:00:55.900000,3204.1746657203685,303.0,10775.1,8,99.0,False,12,1579.0,1508.0,-141.0
2025-04-12 17:09:32.777,0 days 01:21:57.815000,0 days 00:00:55.944000,3207.8916666666682,303.0,10807.0,8,99.0,False,12,1576.7155326635323,1462.126569809922,-140.93242148992272
2025-04-12 17:09:32.952,0 days 01:21:57.990000,0 days 00:00:56.119000,3222.7627171228905,305.62500096,10821.87500544,8,99.0,False,12,1567.0,1270.0,-140.0
2025-04-12 17:09:32.977,0 days 01:21:58.015000,0 days 00:00:56.144000,3224.891666666668,306.0,10824.0,8,99.0,False,12,1565.973899009373,1248.6807619676433,-140.0029575945024
2025-04-12 17:09:33.177,0 days 01:21:58.215000,0 days 00:00:56.344000,3241.9472222222234,307.0,10875.0,8,99.0,False,12,1560.3254525306627,1124.8767009494422,-141.00076717650822
2025-04-12 17:09:33.212,0 days 01:21:58.250000,0 days 00:00:56.379000,3244.9430552314725,307.25000045714285,10881.00001097143,8,99.0,False,12,1559.0,1100.0,-141.0
2025-04-12 17:09:33.392,0 days 01:21:58.430000,0 days 00:00:56.559000,3260.400846418924,308.5357147428571,10911.857153828572,8,99.0,False,12,1550.0,945.0,-140.0
2025-04-12 17:09:33.457,0 days 01:21:58.495000,0 days 00:00:56.624000,3265.9805555555567,309.0,10923.0,8,99.0,False,12,1547.0150532630682,891.0374038233062,-139.84929726954127
2025-04-12 17:09:33.612,0 days 01:21:58.650000,0 days 00:00:56.779000,3279.2830227999275,309.0,10981.125024,8,99.0,False,12,1540.0,757.0,-140.0
2025-04-12 17:09:33.617,0 days 01:21:58.655000,0 days 00:00:56.784000,3279.71388888889,309.0,10983.0,8,99.0,False,12,1539.7307282655088,751.8733555132751,-140.00407242905737
2025-04-12 17:09:33.817,0 days 01:21:58.855000,0 days 00:00:56.984000,3296.9916666666677,311.0,10926.0,8,98.0,False,12,1526.9089744298765,509.2680923918172,-140.038187352127
2025-04-12 17:09:33.912,0 days 01:21:58.950000,0 days 00:00:57.079000,3305.0812346776565,305.77499648,10690.8748416,8,51.44996864,False,12,1522.0,414.0,-140.0
2025-04-12 17:09:34.017,0 days 01:21:59.055000,0 days 00:00:57.184000,3313.658333333334,300.0,10431.0,8,0.0,True,8,1518.6699341635726,345.047694350169,-139.93279713481854
2025-04-12 17:09:34.192,0 days 01:21:59.230000,0 days 00:00:57.359000,3326.4829492960457,274.8437408,10136.2342672,8,0.0,True,8,1517.0,268.0,-140.0
2025-04-12 17:09:34.337,0 days 01:21:59.375000,0 days 00:00:57.504000,3336.236111111112,254.0,9892.0,8,0.0,True,8,1517.908815858079,175.79506867925411,-140.55047172832815
2025-04-12 17:09:34.537,0 days 01:21:59.575000,0 days 00:00:57.704000,3349.0694444444457,231.0,9928.0,8,0.0,True,8,1523.363411500247,30.711446739779646,-141.78527379510444
2025-04-12 17:09:34.572,0 days 01:21:59.610000,0 days 00:00:57.739000,3351.2527516217306,228.89999616,10080.42527872,8,0.0,True,8,1525.0,9.0,-142.0
2025-04-12 17:09:34.712,0 days 01:21:59.750000,0 days 00:00:57.879000,3359.7695149503093,220.49999616,10690.12527872,8,0.0,True,8,1535.0,-72.0,-143.0
2025-04-12 17:09:34.737,0 days 01:21:59.775000,0 days 00:00:57.904000,3361.2361111111127,219.0,10799.0,8,0.0,True,8,1538.0520566063153,-88.61581817869961,-143.28022342946386
2025-04-12 17:09:34.977,0 days 01:22:00.015000,0 days 00:00:58.144000,3374.502777777779,199.0,11435.0,8,0.0,True,8,1580.817635502656,-266.12217760961494,-146.86729296477233
2025-04-12 17:09:34.992,0 days 01:22:00.030000,0 days 00:00:58.159000,3375.298689335154,198.3437472,11410.9061472,8,0.0,True,8,1583.0,-274.0,-147.0
2025-04-12 17:09:35.252,0 days 01:22:00.290000,0 days 00:00:58.419000,3388.6724196956725,186.9687472,10993.2811472,8,0.0,True,8,1612.0,-348.0,-147.0
2025-04-12 17:09:35.297,0 days 01:22:00.335000,0 days 00:00:58.464000,3390.9472222222234,185.0,10921.0,5,0.0,True,8,1619.8405123583657,-362.140152562609,-146.78258233568056
2025-04-12 17:09:35.457,0 days 01:22:00.495000,0 days 00:00:58.624000,3398.9472222222234,180.0,10596.0,4,0.0,True,8,1658.3173761525832,-426.3428660975546,-145.7276636927004
2025-04-12 17:09:35.572,0 days 01:22:00.610000,0 days 00:00:58.739000,3404.4809082122,176.41744277481726,10370.298894813486,4,0.3582557225182749,True,8,1693.0,-470.0,-145.0
2025-04-12 17:09:35.733,0 days 01:22:00.771000,0 days 00:00:58.900000,3411.999946079732,171.40186744460908,10054.317649010372,4,0.8598132555390915,True,8,1748.0,-518.0,-144.0
2025-04-12 17:09:35.778,0 days 01:22:00.816000,0 days 00:00:58.945000,3414.1055555555567,170.0,9966.0,4,1.0,True,8,1763.4773641287538,-529.543882193565,-143.51289541212338
2025-04-12 17:09:35.978,0 days 01:22:01.016000,0 days 00:00:59.145000,3423.4388888888902,168.0,9856.0,4,5.0,False,8,1843.0048211548026,-576.6070086168843,-139.89076967946454
2025-04-12 17:09:36.013,0 days 01:22:01.051000,0 days 00:00:59.180000,3425.0330752393165,166.6874976,9863.656264,4,11.3437616,False,8,1864.0,-586.0,-139.0
2025-04-12 17:09:36.138,0 days 01:22:01.176000,0 days 00:00:59.305000,3430.63888888889,162.0,9891.0,4,34.0,False,8,1957.361135642427,-622.8663675094648,-135.30546185042596
2025-04-12 17:09:36.192,0 days 01:22:01.230000,0 days 00:00:59.359000,3433.0525193031735,161.6624992,9959.1751616,4,41.0875168,False,8,1993.0,-636.0,-134.0
2025-04-12 17:09:36.298,0 days 01:22:01.336000,0 days 00:00:59.465000,3437.7944444444456,161.0,10093.0,4,55.0,False,8,2039.9945244829678,-652.1101081496798,-132.53164774392454
2025-04-12 17:09:36.497,0 days 01:22:01.535000,0 days 00:00:59.664000,3446.8047222222235,163.0,10337.0,4,71.0,False,8,2079.150201885644,-658.5098310379412,-131.81716798115843
2025-04-12 17:09:36.553,0 days 01:22:01.591000,0 days 00:00:59.720000,3449.4048590207813,164.4,10399.844444444445,4,73.33333333333333,False,8,2098.0,-661.0,-131.0
2025-04-12 17:09:36.692,0 days 01:22:01.730000,0 days 00:00:59.859000,3456.0030233475823,167.8750016,10555.833405155556,4,79.12500266666666,False,8,2162.0,-669.0,-128.0
2025-04-12 17:09:36.857,0 days 01:22:01.895000,0 days 00:01:00.024000,3464.0047222222233,172.0,10741.0,4,86.0,False,8,2240.6156077090686,-670.5154906976506,-126.67142026671937
2025-04-12 17:09:36.972,0 days 01:22:02.010000,0 days 00:01:00.139000,3469.6546512922328,175.45000192,10959.5001216,4,90.02500224,False,8,2296.0,-666.0,-126.0
2025-04-12 17:09:37.057,0 days 01:22:02.095000,0 days 00:01:00.224000,3473.893611111112,178.0,11121.0,4,93.0,False,8,2338.015026230008,-660.0123561161988,-125.00176692816557
2025-04-12 17:09:37.133,0 days 01:22:02.171000,0 days 00:01:00.300000,3477.742716540446,180.85,11320.975,4,95.85,False,8,2376.0,-653.0,-124.0
2025-04-12 17:09:37.217,0 days 01:22:02.255000,0 days 00:01:00.384000,3482.07138888889,184.0,11542.0,4,99.0,False,8,2418.0887541493344,-643.673916082013,-123.02240325996381
2025-04-12 17:09:37.393,0 days 01:22:02.431000,0 days 00:01:00.560000,3491.4296477464086,189.5,10849.0,4,99.0,False,8,2507.0,-618.0,-121.0
2025-04-12 17:09:37.532,0 days 01:22:02.570000,0 days 00:01:00.699000,3499.0393290930383,193.843752,10301.687248,4,99.0,False,8,2578.0,-591.0,-119.0
2025-04-12 17:09:37.537,0 days 01:22:02.575000,0 days 00:01:00.704000,3499.3158333333345,194.0,10282.0,4,99.0,False,8,2580.521309940849,-589.9484852198939,-118.94107367165469
2025-04-12 17:09:37.753,0 days 01:22:02.791000,0 days 00:01:00.920000,3511.444550243183,200.0,10676.2,4,99.0,False,8,2687.0,-539.0,-117.0
2025-04-12 17:09:37.897,0 days 01:22:02.935000,0 days 00:01:01.064000,3519.7158333333346,204.0,10939.0,5,99.0,False,8,2757.1008595829558,-496.9796256044947,-114.58166180423561
2025-04-12 17:09:37.933,0 days 01:22:02.971000,0 days 00:01:01.100000,3521.805537175874,204.9,10972.3,5,99.0,False,8,2774.0,-486.0,-114.0
2025-04-12 17:09:38.173,0 days 01:22:03.211000,0 days 00:01:01.340000,3535.9631685934155,210.9,11194.3,5,99.0,False,8,2877.0,-411.0,-111.0
2025-04-12 17:09:38.257,0 days 01:22:03.295000,0 days 00:01:01.424000,3541.0158333333347,213.0,11272.0,5,99.0,False,8,2908.714904790238,-383.98625829163296,-109.77344230350072
2025-04-12 17:09:38.372,0 days 01:22:03.410000,0 days 00:01:01.539000,3548.0168627062158,215.58750144,11190.34995456,5,99.0,False,8,2951.0,-345.0,-108.0
2025-04-12 17:09:38.632,0 days 01:22:03.670000,0 days 00:01:01.799000,3564.1240179863125,221.43750144,11005.74995456,5,99.0,False,8,3060.0,-230.0,-104.0
2025-04-12 17:09:38.657,0 days 01:22:03.695000,0 days 00:01:01.824000,3565.6825000000013,222.0,10988.0,5,99.0,False,8,3072.43180837308,-214.24204706176508,-103.44933031461537
2025-04-12 17:09:38.857,0 days 01:22:03.895000,0 days 00:01:02.024000,3578.238055555557,226.0,10391.0,5,99.0,False,8,3177.506461533265,-66.67075821654143,-98.13437224117547
2025-04-12 17:09:38.912,0 days 01:22:03.950000,0 days 00:01:02.079000,3581.7486861750767,227.0312512,10449.208401066666,5,99.0,False,8,3198.0,-36.0,-97.0
2025-04-12 17:09:39.153,0 days 01:22:04.191000,0 days 00:01:02.320000,3597.46207051202,231.55,10704.266666666666,5,99.0,False,8,3242.0,42.0,-94.0
2025-04-12 17:09:39.337,0 days 01:22:04.375000,0 days 00:01:02.504000,3609.57138888889,235.0,10899.0,6,99.0,False,8,3294.557688167321,149.18783556184323,-90.13822843391091
2025-04-12 17:09:39.433,0 days 01:22:04.471000,0 days 00:01:02.600000,3615.8825257435224,236.2,10890.0,6,99.0,False,8,3322.0,208.0,-88.0
2025-04-12 17:09:39.497,0 days 01:22:04.535000,0 days 00:01:02.664000,3620.1047222222237,237.0,10884.0,6,99.0,False,8,3337.4393890518586,242.98942822420761,-86.69825687058653
2025-04-12 17:09:39.652,0 days 01:22:04.690000,0 days 00:01:02.819000,3630.434606733992,239.90625119999999,10996.3750464,6,99.0,False,8,3378.0,344.0,-83.0
2025-04-12 17:09:39.657,0 days 01:22:04.695000,0 days 00:01:02.824000,3630.77138888889,240.0,11000.0,6,99.0,False,8,3379.857885601297,348.778895023251,-82.83192309293554
2025-04-12 17:09:39.832,0 days 01:22:04.870000,0 days 00:01:02.999000,3642.718805163576,243.28125119999999,11145.833386666667,6,99.0,False,8,3456.0,547.0,-76.0
2025-04-12 17:09:40.137,0 days 01:22:05.175000,0 days 00:01:03.304000,3663.9713888888905,249.0,11400.0,6,99.0,False,8,3504.165651376021,665.2588955293494,-71.8532594359874
2025-04-12 17:09:40.192,0 days 01:22:05.230000,0 days 00:01:03.359000,3667.800829751539,249.45833386666666,11426.354197333334,6,99.0,False,8,3515.0,687.0,-71.0
2025-04-12 17:09:40.377,0 days 01:22:05.415000,0 days 00:01:03.544000,3680.7047222222236,251.0,11515.0,6,99.0,False,8,3572.3677102555102,798.6530825199859,-66.51000205822224
2025-04-12 17:09:40.432,0 days 01:22:05.470000,0 days 00:01:03.599000,3684.5686710318255,251.6875008,11546.166702933333,6,99.0,False,8,3592.0,834.0,-65.0
2025-04-12 17:09:40.613,0 days 01:22:05.651000,0 days 00:01:03.780000,3697.3551758945405,253.95,11648.733333333334,6,99.0,False,8,3659.0,942.0,-60.0
2025-04-12 17:09:40.617,0 days 01:22:05.655000,0 days 00:01:03.784000,3697.638055555557,254.0,11651.0,6,99.0,False,8,3660.55473063908,944.3202061445459,-59.88805089338541
2025-04-12 17:09:40.857,0 days 01:22:05.895000,0 days 00:01:04.024000,3714.638055555557,255.0,11230.0,6,99.0,False,8,3760.8256783548904,1081.0417882902416,-53.365431137383005
2025-04-12 17:09:40.873,0 days 01:22:05.911000,0 days 00:01:04.040000,3715.7761765884366,255.13333333333333,11172.333333333334,6,99.0,False,8,3768.0,1090.0,-53.0
2025-04-12 17:09:41.072,0 days 01:22:06.110000,0 days 00:01:04.239000,3729.9836305281056,256.7916672,10455.103936,6,99.0,False,8,3861.0,1197.0,-49.0
2025-04-12 17:09:41.097,0 days 01:22:06.135000,0 days 00:01:04.264000,3731.7713888888898,257.0,10365.0,7,99.0,False,8,3872.7596469165437,1208.9754681845288,-48.42357415005212
2025-04-12 17:09:41.232,0 days 01:22:06.270000,0 days 00:01:04.399000,3741.4302124453106,257.5625002666667,10396.500014933334,7,99.0,False,8,3936.0,1268.0,-45.0
2025-04-12 17:09:41.337,0 days 01:22:06.375000,0 days 00:01:04.504000,3748.9713888888905,258.0,10421.0,7,99.0,False,8,3985.1161294448916,1310.7050997060478,-42.4598205305552
2025-04-12 17:09:42.072,0 days 01:22:07.110000,0 days 00:01:05.239000,3802.661067845602,262.8355267368421,10607.651332042105,7,99.0,False,8,4472.0,1554.0,-26.0
2025-04-12 17:09:42.097,0 days 01:22:07.135000,0 days 00:01:05.264000,3804.493611111112,263.0,10614.0,7,99.0,False,8,4501.282722434877,1561.1501257493067,-25.278448537585803
2025-04-12 17:09:42.258,0 days 01:22:07.296000,0 days 00:01:05.425000,3816.300277777779,264.0,10658.0,7,99.0,False,8,4696.916182085801,1602.8891349522298,-20.691322123031576
2025-04-12 17:09:42.293,0 days 01:22:07.331000,0 days 00:01:05.460000,3818.874983229296,264.25000045714285,10668.375018971428,7,99.0,False,8,4729.0,1609.0,-20.0
2025-04-12 17:09:42.538,0 days 01:22:07.576000,0 days 00:01:05.705000,3836.9891666666676,266.0,10741.0,7,99.0,False,8,4826.9709749841,1617.996012549929,-18.625733827450212
2025-04-12 17:09:42.612,0 days 01:22:07.650000,0 days 00:01:05.779000,3842.4825210519316,266.37000064,10747.29001088,7,99.0,False,8,4861.0,1616.0,-18.0
2025-04-12 17:09:42.793,0 days 01:22:07.831000,0 days 00:01:05.960000,3855.955789712003,267.27500032,10762.67500544,7,99.0,False,8,4994.0,1608.0,-15.0
2025-04-12 17:09:42.938,0 days 01:22:07.976000,0 days 00:01:06.105000,3866.766944444446,268.0,10775.0,7,99.0,False,8,5101.408592838589,1591.8955100401467,-13.1194933221137
2025-04-12 17:09:43.053,0 days 01:22:08.091000,0 days 00:01:06.220000,3875.3473460931436,268.2882206655486,10799.210535906079,7,99.0,False,8,5184.0,1572.0,-12.0
2025-04-12 17:09:43.313,0 days 01:22:08.351000,0 days 00:01:06.480000,3894.782466729459,268.9398496337083,10853.9473692315,7,99.0,False,8,5369.0,1506.0,-10.0
2025-04-12 17:09:43.337,0 days 01:22:08.375000,0 days 00:01:06.504000,3896.5811111111125,269.0,10859.0,7,99.0,False,8,5385.452970799438,1499.0708461357724,-9.829565602861368
2025-04-12 17:09:43.613,0 days 01:22:08.651000,0 days 00:01:06.780000,3917.355651768025,270.9714285714286,10912.228571428572,7,99.0,False,8,5590.0,1402.0,-8.0
2025-04-12 17:09:43.617,0 days 01:22:08.655000,0 days 00:01:06.784000,3917.6588888888905,271.0,10913.0,7,99.0,False,8,5593.829252348136,1400.0935522080129,-7.97693690734916
2025-04-12 17:09:43.817,0 days 01:22:08.855000,0 days 00:01:06.984000,3932.8811111111117,274.0,11014.0,7,99.0,False,8,5798.995398943141,1296.9971442801505,-7.042242562188755
2025-04-12 17:09:43.833,0 days 01:22:08.871000,0 days 00:01:07,3934.097712858833,274.0,11015.2,7,99.0,False,8,5811.0,1291.0,-7.0
2025-04-12 17:09:43.977,0 days 01:22:09.015000,0 days 00:01:07.144000,3945.05888888889,274.0,11026.0,7,99.0,False,8,5873.014628483041,1260.7599852182063,-6.880422482925937
2025-04-12 17:09:44.072,0 days 01:22:09.110000,0 days 00:01:07.239000,3952.3834409898054,274.7916672,10900.1249152,7,60.2083072,False,8,5907.0,1245.0,-7.0
2025-04-12 17:09:44.217,0 days 01:22:09.255000,0 days 00:01:07.384000,3963.4588888888898,276.0,10708.0,7,1.0,False,8,5991.975589243413,1205.525490875743,-7.420317962836737
2025-04-12 17:09:44.433,0 days 01:22:09.471000,0 days 00:01:07.600000,3978.80283006003,256.2,9897.1,7,0.09999999999999998,False,8,6150.0,1129.0,-8.0
2025-04-12 17:09:44.457,0 days 01:22:09.495000,0 days 00:01:07.624000,3980.3922222222227,254.0,9807.0,7,0.0,True,8,6165.665955519793,1120.8478587060526,-8.003843767929363
2025-04-12 17:09:44.592,0 days 01:22:09.630000,0 days 00:01:07.759000,3988.8526502356026,240.16249344,10017.60009984,7,0.0,True,8,6246.0,1077.0,-8.0
2025-04-12 17:09:44.773,0 days 01:22:09.811000,0 days 00:01:07.940000,3999.242969126657,221.61,10299.96,7,0.0,True,8,6340.0,1019.0,-9.0
2025-04-12 17:09:44.857,0 days 01:22:09.895000,0 days 00:01:08.024000,4004.0588888888897,213.0,10431.0,7,0.0,True,8,6391.949875337385,979.3815316692413,-9.670190233337902
2025-04-12 17:09:45.033,0 days 01:22:10.071000,0 days 00:01:08.200000,4014.096558696411,205.08,11378.76,7,0.0,True,8,6501.0,887.0,-11.0
2025-04-12 17:09:45.057,0 days 01:22:10.095000,0 days 00:01:08.224000,4015.392222222223,204.0,11508.0,7,0.0,True,8,6512.017315151899,877.2198152276796,-11.112581844699152
2025-04-12 17:09:45.217,0 days 01:22:10.255000,0 days 00:01:08.384000,4023.4811111111117,182.0,10650.0,6,0.0,True,8,6559.329752677476,831.7537493281059,-11.402038108322046
2025-04-12 17:09:45.457,0 days 01:22:10.495000,0 days 00:01:08.624000,4034.8144444444447,170.0,9938.0,4,0.0,True,8,6588.390729295222,774.5547902026021,-11.743737213377928
2025-04-12 17:09:45.493,0 days 01:22:10.531000,0 days 00:01:08.660000,4036.435764812927,168.5,9869.2,4,0.0,True,8,6595.0,759.0,-12.0
2025-04-12 17:09:45.693,0 days 01:22:10.731000,0 days 00:01:08.860000,4045.075699193036,160.16666666666666,9486.977777777778,4,0.0,True,8,6637.0,653.0,-14.0
2025-04-12 17:09:45.817,0 days 01:22:10.855000,0 days 00:01:08.984000,4050.3144444444447,155.0,9250.0,4,0.0,True,8,6649.355082301829,610.5352832926693,-14.57487623762757
2025-04-12 17:09:45.933,0 days 01:22:10.971000,0 days 00:01:09.100000,4055.202924401088,152.68,9121.82,4,0.0,True,8,6655.0,576.0,-15.0
2025-04-12 17:09:46.017,0 days 01:22:11.055000,0 days 00:01:09.184000,4058.703333333334,151.0,9029.0,4,0.0,False,8,6659.278050105182,544.1223467481099,-15.547473955948306
2025-04-12 17:09:46.192,0 days 01:22:11.230000,0 days 00:01:09.359000,4065.8287161668936,147.35416533333333,8818.999923200001,4,0.0,False,8,6666.0,468.0,-17.0
2025-04-12 17:09:46.257,0 days 01:22:11.295000,0 days 00:01:09.424000,4068.4366666666674,146.0,8741.0,4,0.0,False,8,6666.281970314924,441.1495516716538,-17.46616703285264
2025-04-12 17:09:46.417,0 days 01:22:11.455000,0 days 00:01:09.584000,4074.792222222223,143.0,8681.0,4,0.0,False,8,6661.877723503089,378.3933444669957,-18.532168707758203
2025-04-12 17:09:46.472,0 days 01:22:11.510000,0 days 00:01:09.639000,4076.9556284728296,142.54166613333334,8630.8124416,4,4.354171733333334,False,8,6659.0,357.0,-19.0
2025-04-12 17:09:46.573,0 days 01:22:11.611000,0 days 00:01:09.740000,4080.903508836668,141.7,8538.65,4,12.35,False,8,6652.0,318.0,-20.0
2025-04-12 17:09:46.657,0 days 01:22:11.695000,0 days 00:01:09.824000,4084.1922222222224,141.0,8462.0,4,19.0,False,8,6644.46536676386,287.39185826681825,-20.80764416589711
2025-04-12 17:09:46.772,0 days 01:22:11.810000,0 days 00:01:09.939000,4088.716867119564,141.4107145142857,8595.07150262857,4,27.6250048,False,8,6629.0,244.0,-22.0
2025-04-12 17:09:46.937,0 days 01:22:11.975000,0 days 00:01:10.104000,4095.236666666667,142.0,8786.0,4,40.0,False,8,6589.712403506848,166.87162477827323,-24.31887605323646
2025-04-12 17:09:47.072,0 days 01:22:12.110000,0 days 00:01:10.239000,4100.588685048778,142.8437504,9040.8126208,4,57.7187584,False,8,6557.0,111.0,-26.0
2025-04-12 17:09:47.097,0 days 01:22:12.135000,0 days 00:01:10.264000,4101.5922222222225,143.0,9088.0,4,61.0,False,8,6552.090289543162,103.06284285600577,-26.227324045233843
2025-04-12 17:09:47.373,0 days 01:22:12.411000,0 days 00:01:10.540000,4112.938340742057,147.92857142857142,9481.3,4,72.82857142857142,False,8,6501.0,40.0,-28.0
2025-04-12 17:09:47.377,0 days 01:22:12.415000,0 days 00:01:10.544000,4113.1033333333335,148.0,9487.0,4,73.0,False,8,6499.76480767134,38.7576379014995,-28.041837250003685
2025-04-12 17:09:47.577,0 days 01:22:12.615000,0 days 00:01:10.744000,4121.4366666666665,150.0,9826.0,4,83.0,False,8,6413.096067385802,-44.00486603122946,-31.059199864668773
2025-04-12 17:09:47.732,0 days 01:22:12.770000,0 days 00:01:10.899000,4128.391519736694,158.3958368,10218.6668288,4,86.8750016,False,8,6349.0,-102.0,-33.0
2025-04-12 17:09:47.817,0 days 01:22:12.855000,0 days 00:01:10.984000,4132.303333333333,163.0,10434.0,4,89.0,False,8,6325.682544337823,-121.61327920536128,-33.43690376607716
2025-04-12 17:09:47.977,0 days 01:22:13.015000,0 days 00:01:11.144000,4139.725555555556,167.0,10781.0,4,98.0,False,8,6295.825035522443,-142.47345858824318,-33.52445520507631
2025-04-12 17:09:48.052,0 days 01:22:13.090000,0 days 00:01:11.219000,4143.271008879455,168.8750016,10954.571576685714,4,98.26785737142858,False,8,6274.0,-157.0,-34.0
2025-04-12 17:09:48.213,0 days 01:22:13.251000,0 days 00:01:11.380000,4151.069295957683,172.9,11327.171428571428,4,98.84285714285714,False,8,6209.0,-200.0,-36.0
2025-04-12 17:09:48.257,0 days 01:22:13.295000,0 days 00:01:11.424000,4153.2588888888895,174.0,11429.0,4,99.0,False,8,6191.840915978749,-210.8421776206779,-36.490075380269566
2025-04-12 17:09:48.457,0 days 01:22:13.495000,0 days 00:01:11.624000,4163.536666666667,185.0,11390.0,4,99.0,False,8,6114.874087150342,-255.1276850363324,-38.165996083865735
2025-04-12 17:09:48.533,0 days 01:22:13.571000,0 days 00:01:11.700000,4167.574132541986,187.60436188996624,11175.732044507324,4,99.0,False,8,6067.0,-281.0,-39.0
2025-04-12 17:09:48.753,0 days 01:22:13.791000,0 days 00:01:11.920000,4179.619532996948,195.1433042030264,10555.482699660102,4,99.0,False,8,5881.0,-380.0,-42.0
2025-04-12 17:09:48.778,0 days 01:22:13.816000,0 days 00:01:11.945000,4181.013333333333,196.0,10485.0,5,99.0,False,8,5865.553894900075,-388.1987505544025,-42.22775856768856
2025-04-12 17:09:48.978,0 days 01:22:14.016000,0 days 00:01:12.145000,4192.346666666667,204.0,10890.0,5,99.0,False,8,5807.322982926671,-419.05141432816885,-42.82354297789587
2025-04-12 17:09:49.113,0 days 01:22:14.151000,0 days 00:01:12.280000,4200.218178676923,208.72500224,11052.67507712,5,99.0,False,8,5769.0,-439.0,-43.0
2025-04-12 17:09:49.178,0 days 01:22:14.216000,0 days 00:01:12.345000,4204.06888888889,211.0,11131.0,5,99.0,False,8,5739.652181844354,-454.23468705183615,-43.194068954916375
2025-04-12 17:09:49.338,0 days 01:22:14.376000,0 days 00:01:12.505000,4213.713333333334,217.0,11471.0,5,99.0,False,8,5649.919393236826,-500.86399940859536,-43.92104437017744
2025-04-12 17:09:49.353,0 days 01:22:14.391000,0 days 00:01:12.520000,4214.631316038931,217.45000192,11442.42487808,5,99.0,False,8,5642.0,-505.0,-44.0
2025-04-12 17:09:49.538,0 days 01:22:14.576000,0 days 00:01:12.705000,4226.102222222223,223.0,11090.0,5,99.0,False,8,5543.71689238136,-556.4417187740717,-44.95701605717018
2025-04-12 17:09:49.553,0 days 01:22:14.591000,0 days 00:01:12.720000,4227.035596327931,223.1875008,11035.9060192,5,99.0,False,8,5533.0,-562.0,-45.0
2025-04-12 17:09:49.698,0 days 01:22:14.736000,0 days 00:01:12.865000,4236.102222222223,225.0,10513.0,6,99.0,False,8,5401.249417887665,-629.904282275023,-45.04417571347606
2025-04-12 17:09:49.772,0 days 01:22:14.810000,0 days 00:01:12.939000,4240.825099630322,227.38710035564722,10611.666814700086,6,99.0,False,8,5341.0,-661.0,-45.0
2025-04-12 17:09:49.977,0 days 01:22:15.015000,0 days 00:01:13.144000,4254.237222222224,234.0,10885.0,6,99.0,False,8,5260.683243748136,-703.3196030092676,-45.091614615017235
2025-04-12 17:09:50.153,0 days 01:22:15.191000,0 days 00:01:13.320000,4266.009840779081,237.96,11050.88,6,99.0,False,8,5191.0,-741.0,-45.0
2025-04-12 17:09:50.377,0 days 01:22:15.415000,0 days 00:01:13.544000,4281.237222222223,243.0,11262.0,6,99.0,False,8,5001.883667965224,-841.7968176969816,-44.22557556646132
2025-04-12 17:09:50.433,0 days 01:22:15.471000,0 days 00:01:13.600000,4285.0686382016065,244.12,11317.72,6,99.0,False,8,4964.0,-862.0,-44.0
2025-04-12 17:09:50.577,0 days 01:22:15.615000,0 days 00:01:13.744000,4294.959444444446,247.0,11461.0,6,99.0,False,8,4909.271664491258,-891.34518823191,-43.43962955174864
2025-04-12 17:09:50.733,0 days 01:22:15.771000,0 days 00:01:13.900000,4305.74672121736,248.95,11461.0,6,99.0,False,8,4842.0,-928.0,-43.0
2025-04-12 17:09:50.737,0 days 01:22:15.775000,0 days 00:01:13.904000,4306.026111111112,249.0,11461.0,6,99.0,False,8,4839.0267101358495,-929.6190619620502,-42.993012245547376
2025-04-12 17:09:50.937,0 days 01:22:15.975000,0 days 00:01:14.104000,4320.192777777779,255.0,11665.0,6,99.0,False,8,4636.134116424296,-1040.061919182664,-42.93652340282664
2025-04-12 17:09:50.973,0 days 01:22:16.011000,0 days 00:01:14.140000,4322.770494482247,255.72,11665.0,6,99.0,False,8,4605.0,-1057.0,-43.0
2025-04-12 17:09:51.137,0 days 01:22:16.175000,0 days 00:01:14.304000,4334.581666666668,259.0,11665.0,6,99.0,False,8,4517.8325889608495,-1104.3616803844532,-43.59918081417524
2025-04-12 17:09:51.377,0 days 01:22:16.415000,0 days 00:01:14.544000,4351.9816666666675,261.0,10592.0,7,99.0,False,8,4453.7553167900305,-1139.6813808019824,-44.92245686294911
2025-04-12 17:09:51.393,0 days 01:22:16.431000,0 days 00:01:14.560000,4353.151028811674,261.32,10603.12,7,99.0,False,8,4446.0,-1144.0,-45.0
2025-04-12 17:09:51.577,0 days 01:22:16.615000,0 days 00:01:14.744000,4366.70388888889,265.0,10731.0,7,99.0,False,8,4328.301201729855,-1209.5801457843895,-45.82138568419227
2025-04-12 17:09:51.613,0 days 01:22:16.651000,0 days 00:01:14.780000,4369.379996964793,265.64285714285717,10746.942857142858,7,99.0,False,8,4304.0,-1223.0,-46.0
2025-04-12 17:09:51.773,0 days 01:22:16.811000,0 days 00:01:14.940000,4381.368117282341,268.5,10817.8,7,99.0,False,8,4200.0,-1280.0,-47.0
2025-04-12 17:09:51.857,0 days 01:22:16.895000,0 days 00:01:15.024000,4387.70388888889,270.0,10855.0,7,99.0,False,8,4145.233564541876,-1310.4292259778179,-47.79011595507639
2025-04-12 17:09:52.093,0 days 01:22:17.131000,0 days 00:01:15.260000,4405.625768984038,272.6222222222222,10965.788888888888,7,99.0,False,8,3989.0,-1398.0,-51.0
2025-04-12 17:09:52.217,0 days 01:22:17.255000,0 days 00:01:15.384000,4415.10388888889,274.0,11024.0,7,99.0,False,8,3906.4387508892887,-1443.3369111253144,-53.123194907843306
2025-04-12 17:09:52.273,0 days 01:22:17.311000,0 days 00:01:15.440000,4419.396702787491,274.84,11061.52,7,99.0,False,8,3869.0,-1464.0,-54.0
2025-04-12 17:09:52.417,0 days 01:22:17.455000,0 days 00:01:15.584000,4430.492777777778,277.0,11158.0,7,99.0,False,8,3772.196226462561,-1518.2685971014923,-55.78424161391802
2025-04-12 17:09:52.493,0 days 01:22:17.531000,0 days 00:01:15.660000,4436.404193134665,278.03636363636366,11184.6,7,99.0,False,8,3721.0,-1547.0,-57.0
2025-04-12 17:09:52.673,0 days 01:22:17.711000,0 days 00:01:15.840000,4450.558174326579,280.4909090909091,11247.6,7,99.0,False,8,3599.0,-1615.0,-61.0
2025-04-12 17:09:52.732,0 days 01:22:17.770000,0 days 00:01:15.899000,4455.218036396687,281.2954554181818,11268.2500224,7,99.0,False,8,3558.0,-1638.0,-62.0
2025-04-12 17:09:52.857,0 days 01:22:17.895000,0 days 00:01:16.024000,4465.081666666667,283.0,11312.0,7,99.0,False,8,3472.050797821342,-1686.1222147356684,-64.29403748687999
2025-04-12 17:09:53.012,0 days 01:22:18.050000,0 days 00:01:16.179000,4477.302127938445,283.77500032,11358.5000192,7,99.0,False,8,3366.0,-1745.0,-68.0
2025-04-12 17:09:53.057,0 days 01:22:18.095000,0 days 00:01:16.224000,4480.859444444445,284.0,11372.0,7,99.0,False,8,3334.890316649433,-1762.110770767348,-69.34163897742731
2025-04-12 17:09:53.172,0 days 01:22:18.210000,0 days 00:01:16.339000,4489.982300779624,284.9583338666667,11418.319470222223,7,99.0,False,8,3255.0,-1806.0,-73.0
2025-04-12 17:09:53.417,0 days 01:22:18.455000,0 days 00:01:16.584000,4509.559444444445,287.0,11517.0,7,99.0,False,8,3084.7897190368103,-1901.2924861759868,-79.48628339101273
2025-04-12 17:09:53.472,0 days 01:22:18.510000,0 days 00:01:16.639000,4513.977426721534,287.6875008,11533.729186133334,7,99.0,False,8,3046.0,-1923.0,-81.0
2025-04-12 17:09:53.657,0 days 01:22:18.695000,0 days 00:01:16.824000,4528.892777777778,290.0,11590.0,7,99.0,False,8,2914.330054034802,-1996.2339688636698,-86.53170016607486
2025-04-12 17:09:53.712,0 days 01:22:18.750000,0 days 00:01:16.879000,4533.3399977407,290.3437504,11606.5000192,7,99.0,False,8,2877.0,-2017.0,-88.0
2025-04-12 17:09:53.913,0 days 01:22:18.951000,0 days 00:01:17.080000,4549.641248062265,291.6,11666.8,7,99.0,False,8,2732.0,-2098.0,-93.0
2025-04-12 17:09:53.977,0 days 01:22:19.015000,0 days 00:01:17.144000,4554.848333333334,292.0,11686.0,7,99.0,False,8,2661.9906124371514,-2137.1941708866434,-95.4922340079535
2025-04-12 17:09:54.112,0 days 01:22:19.150000,0 days 00:01:17.279000,4565.858696199584,292.96428617142857,11705.285723428571,7,99.0,False,8,2505.0,-2225.0,-101.0
2025-04-12 17:09:54.257,0 days 01:22:19.295000,0 days 00:01:17.424000,4577.715000000001,294.0,11726.0,7,99.0,False,8,2417.2988845276013,-2273.5106304982446,-103.18714577100667
2025-04-12 17:09:54.453,0 days 01:22:19.491000,0 days 00:01:17.620000,4593.775624898438,294.98,10536.28,7,99.0,False,8,2347.0,-2312.0,-104.0
2025-04-12 17:09:54.457,0 days 01:22:19.495000,0 days 00:01:17.624000,4594.103888888889,295.0,10512.0,7,99.0,False,8,2344.728951135124,-2313.2646732140174,-104.05691058375913
2025-04-12 17:09:54.652,0 days 01:22:19.690000,0 days 00:01:17.819000,4610.132020357873,295.8125002666667,10496.562494933334,7,99.0,False,8,2204.0,-2392.0,-108.0
2025-04-12 17:09:54.697,0 days 01:22:19.735000,0 days 00:01:17.864000,4613.837222222223,296.0,10493.0,8,99.0,False,8,2170.747332750094,-2410.520641082425,-108.70485358197325
2025-04-12 17:09:54.812,0 days 01:22:19.850000,0 days 00:01:17.979000,4623.316414538988,296.4791669333333,10501.145837866667,8,99.0,False,8,2089.0,-2456.0,-110.0
2025-04-12 17:09:54.937,0 days 01:22:19.975000,0 days 00:01:18.104000,4633.637222222223,297.0,10510.0,8,99.0,False,8,2005.3607493189288,-2503.01084394376,-111.0481038170254
2025-04-12 17:09:55.073,0 days 01:22:20.111000,0 days 00:01:18.240000,4644.887425598026,297.56666666666666,10535.5,8,99.0,False,8,1901.0,-2562.0,-112.0
2025-04-12 17:09:55.177,0 days 01:22:20.215000,0 days 00:01:18.344000,4653.5038888888885,298.0,10555.0,8,99.0,False,8,1796.9363180611044,-2620.7341500174034,-112.74525864985273
2025-04-12 17:09:55.392,0 days 01:22:20.430000,0 days 00:01:18.559000,4671.350093651512,298.53615984617016,10579.127193077657,8,99.0,False,8,1584.0,-2741.0,-114.0
2025-04-12 17:09:55.578,0 days 01:22:20.616000,0 days 00:01:18.745000,4686.809166666667,299.0,10600.0,8,99.0,False,8,1513.3750076631256,-2781.4829643299136,-114.18802947434313
2025-04-12 17:09:55.653,0 days 01:22:20.691000,0 days 00:01:18.820000,4693.044201420493,299.4687504,10607.5000064,8,99.0,False,8,1483.0,-2799.0,-114.0
2025-04-12 17:09:55.738,0 days 01:22:20.776000,0 days 00:01:18.905000,4700.1425,300.0,10616.0,8,99.0,False,8,1433.78411838266,-2827.274091947193,-113.5959233799353
2025-04-12 17:09:55.972,0 days 01:22:21.010000,0 days 00:01:19.139000,4720.049334800713,300.58500032,10555.74496704,8,77.64748832000001,False,8,1251.0,-2932.0,-112.0
2025-04-12 17:09:56.538,0 days 01:22:21.576000,0 days 00:01:19.705000,4767.253611111111,302.0,10410.0,8,26.0,False,8,858.324197225371,-3155.9120968085294,-111.04260869128524
2025-04-12 17:09:56.633,0 days 01:22:21.671000,0 days 00:01:19.800000,4774.333331836384,288.0394203207064,9980.627049375875,8,17.146949471667504,False,8,773.0,-3204.0,-111.0
2025-04-12 17:09:56.817,0 days 01:22:21.855000,0 days 00:01:19.984000,4787.481111111111,261.0,9149.0,8,0.0,True,8,594.3384399842862,-3304.3348717208214,-110.94916101334336
2025-04-12 17:09:56.852,0 days 01:22:21.890000,0 days 00:01:20.019000,4789.9427381639625,258.19999488,9050.82482048,8,0.0,True,8,570.0,-3318.0,-111.0
2025-04-12 17:09:57.017,0 days 01:22:22.055000,0 days 00:01:20.184000,4801.0922222222225,245.0,8588.0,8,0.0,True,8,515.6558170563233,-3348.3155798765847,-111.60492551017155
2025-04-12 17:09:57.092,0 days 01:22:22.130000,0 days 00:01:20.259000,4805.59022160357,233.5416568888889,8604.041680355556,8,0.0,True,8,492.0,-3360.0,-112.0
2025-04-12 17:09:57.377,0 days 01:22:22.415000,0 days 00:01:20.544000,4820.0922222222225,190.0,8665.0,8,0.0,True,8,316.50555199090286,-3440.3491891269077,-113.74496628215209
2025-04-12 17:09:57.432,0 days 01:22:22.470000,0 days 00:01:20.599000,4822.7445714926125,183.4687424,9019.062912,8,0.0,True,8,286.0,-3453.0,-114.0
2025-04-12 17:09:57.537,0 days 01:22:22.575000,0 days 00:01:20.704000,4827.692222222222,171.0,9695.0,8,0.0,True,8,239.65249058411806,-3470.1863677283136,-114.35447525943555
2025-04-12 17:09:57.777,0 days 01:22:22.815000,0 days 00:01:20.944000,4838.158888888889,157.0,10539.0,8,0.0,True,8,175.037460937746,-3483.4071976379764,-114.76820248527054
2025-04-12 17:09:57.853,0 days 01:22:22.891000,0 days 00:01:21.020000,4841.29300738896,153.2,10431.65,8,0.0,True,8,152.0,-3487.0,-115.0
2025-04-12 17:09:58.017,0 days 01:22:23.055000,0 days 00:01:21.184000,4847.825555555555,145.0,10200.0,7,0.0,True,8,91.29513853712862,-3495.8993204036296,-115.72796613252686
2025-04-12 17:09:58.073,0 days 01:22:23.111000,0 days 00:01:21.240000,4850.000079856679,143.71666666666667,10101.066666666668,7,0.0,True,8,64.0,-3498.0,-116.0
2025-04-12 17:09:58.252,0 days 01:22:23.290000,0 days 00:01:21.419000,4856.764310745076,139.61458186666667,9784.833220266666,7,0.0,True,8,-42.0,-3498.0,-117.0
2025-04-12 17:09:58.497,0 days 01:22:23.535000,0 days 00:01:21.664000,4865.692222222222,134.0,9352.0,3,0.0,False,8,-144.70033363782687,-3472.560297760371,-119.97389477251038
2025-04-12 17:09:58.693,0 days 01:22:23.731000,0 days 00:01:21.860000,4872.647036380537,130.1888888888889,9146.2,3,4.8999999999999995,False,8,-191.0,-3449.0,-122.0
2025-04-12 17:09:58.857,0 days 01:22:23.895000,0 days 00:01:22.024000,4878.392222222222,127.0,8974.0,3,9.0,False,8,-212.2543186091686,-3436.8529534826844,-122.46973205904234
2025-04-12 17:09:58.953,0 days 01:22:23.991000,0 days 00:01:22.120000,4881.743365905134,126.6,9104.4,3,21.4,False,8,-231.0,-3420.0,-123.0
2025-04-12 17:09:59.097,0 days 01:22:24.135000,0 days 00:01:22.264000,4886.792222222221,126.0,9300.0,3,40.0,False,8,-280.7162895829944,-3369.0716280975166,-124.87559317848762
2025-04-12 17:09:59.253,0 days 01:22:24.291000,0 days 00:01:22.420000,4892.363317512614,127.95,9516.9375,3,47.8,False,8,-336.0,-3309.0,-127.0
2025-04-12 17:09:59.417,0 days 01:22:24.455000,0 days 00:01:22.584000,4898.347777777777,130.0,9745.0,3,56.0,False,8,-362.0853894799054,-3276.41448913873,-127.68083079432076
2025-04-12 17:09:59.572,0 days 01:22:24.610000,0 days 00:01:22.739000,4904.138169053071,133.8750016,10020.1251136,3,67.6250048,False,8,-379.0,-3249.0,-128.0
2025-04-12 17:09:59.617,0 days 01:22:24.655000,0 days 00:01:22.784000,4905.847777777777,135.0,10100.0,3,71.0,False,8,-386.37913108803235,-3237.2661024352665,-128.23030519446684
2025-04-12 17:09:59.832,0 days 01:22:24.870000,0 days 00:01:22.999000,4914.237107423615,140.3750016,10655.416832,3,84.437504,False,8,-431.0,-3164.0,-130.0
2025-04-12 17:09:59.857,0 days 01:22:24.895000,0 days 00:01:23.024000,4915.247777777777,141.0,10720.0,3,86.0,False,8,-436.01229571692465,-3154.8699638169496,-130.24088098783795
2025-04-12 17:10:00.137,0 days 01:22:25.175000,0 days 00:01:23.304000,4927.147777777776,153.0,11461.0,3,98.0,False,8,-484.83028928371846,-3050.4655507450493,-132.90429925560807
2025-04-12 17:10:00.152,0 days 01:22:25.190000,0 days 00:01:23.319000,4927.815205475595,153.6562528,11414.7810528,3,98.0468752,False,8,-487.0,-3045.0,-133.0
2025-04-12 17:10:00.352,0 days 01:22:25.390000,0 days 00:01:23.519000,4936.998138476325,162.4062528,10798.5310528,3,98.6718752,False,8,-513.0,-2968.0,-134.0
2025-04-12 17:10:00.457,0 days 01:22:25.495000,0 days 00:01:23.624000,4941.99222222222,167.0,10475.0,4,99.0,False,8,-527.6897209106751,-2912.274556003402,-135.01968968915065
2025-04-12 17:10:00.617,0 days 01:22:25.655000,0 days 00:01:23.784000,4949.814444444443,176.0,11090.0,4,99.0,False,8,-550.3157701975409,-2813.604968946302,-137.16468615438765
2025-04-12 17:10:00.692,0 days 01:22:25.730000,0 days 00:01:23.859000,4953.593706768447,179.00000256,11232.87512192,4,99.0,False,8,-558.0,-2776.0,-138.0
2025-04-12 17:10:00.817,0 days 01:22:25.855000,0 days 00:01:23.984000,4960.036666666665,184.0,11471.0,4,99.0,False,8,-565.948870283811,-2728.982398884608,-139.05259793357507
2025-04-12 17:10:01.072,0 days 01:22:26.110000,0 days 00:01:24.239000,4973.607223026316,191.28571611428572,10699.6248064,4,99.0,False,8,-571.0,-2651.0,-141.0
2025-04-12 17:10:01.097,0 days 01:22:26.135000,0 days 00:01:24.264000,4974.969999999998,192.0,10624.0,4,99.0,False,8,-571.5333811254593,-2639.9390549739182,-141.29949350320624
2025-04-12 17:10:01.372,0 days 01:22:26.410000,0 days 00:01:24.539000,4990.391763803575,201.82143085714284,10847.928623542857,4,99.0,False,8,-577.0,-2486.0,-145.0
2025-04-12 17:10:01.377,0 days 01:22:26.415000,0 days 00:01:24.544000,4990.681111111109,202.0,10852.0,5,99.0,False,8,-577.0310247840663,-2483.10279752661,-145.04074656497406
2025-04-12 17:10:01.553,0 days 01:22:26.591000,0 days 00:01:24.720000,5001.08813147205,208.35555555555555,11064.177777777777,5,99.0,False,8,-576.0,-2383.0,-146.0
2025-04-12 17:10:01.732,0 days 01:22:26.770000,0 days 00:01:24.899000,5011.880300943113,214.81944675555556,11279.972299377778,5,99.0,False,8,-570.0,-2278.0,-148.0
2025-04-12 17:10:01.737,0 days 01:22:26.775000,0 days 00:01:24.904000,5012.181111111109,215.0,11286.0,5,99.0,False,8,-569.7173878732419,-2274.4632095710185,-148.07027919981647
2025-04-12 17:10:01.898,0 days 01:22:26.936000,0 days 00:01:25.065000,5021.885833333332,217.0,11624.0,5,99.0,False,8,-557.0380695524774,-2138.5268961895827,-150.6446444318484
2025-04-12 17:10:01.992,0 days 01:22:27.030000,0 days 00:01:25.159000,5027.651292087949,219.82000384,11492.3998208,5,99.0,False,8,-549.0,-2058.0,-152.0
2025-04-12 17:10:02.098,0 days 01:22:27.136000,0 days 00:01:25.265000,5034.274722222221,223.0,11344.0,5,99.0,False,8,-540.8920655879086,-1977.1430404186842,-153.14603707906033
2025-04-12 17:10:02.413,0 days 01:22:27.451000,0 days 00:01:25.580000,5054.659974658606,232.843752,10693.3279928,5,99.0,False,8,-522.0,-1791.0,-155.0
2025-04-12 17:10:02.418,0 days 01:22:27.456000,0 days 00:01:25.585000,5054.985833333331,233.0,10683.0,6,99.0,False,8,-521.7472030903772,-1788.535504403088,-155.0276166685174
2025-04-12 17:10:02.578,0 days 01:22:27.616000,0 days 00:01:25.745000,5065.430277777777,235.0,10853.0,6,99.0,False,8,-514.3840060422415,-1717.2348384443624,-155.9356982845323
2025-04-12 17:10:02.753,0 days 01:22:27.791000,0 days 00:01:25.920000,5077.034324060648,238.50000128,10853.0,6,99.0,False,8,-506.0,-1633.0,-157.0
2025-04-12 17:10:02.778,0 days 01:22:27.816000,0 days 00:01:25.945000,5078.708055555554,239.0,10853.0,6,99.0,False,8,-504.60384275308684,-1618.4145588939577,-157.15959848977286
2025-04-12 17:10:02.913,0 days 01:22:27.951000,0 days 00:01:26.080000,5087.811044247158,242.3750016,11060.5625984,6,99.0,False,8,-496.0,-1526.0,-158.0
2025-04-12 17:10:02.938,0 days 01:22:27.976000,0 days 00:01:26.105000,5089.508055555555,243.0,11099.0,6,99.0,False,8,-494.1369013300306,-1505.4362578490325,-158.13260763885432
2025-04-12 17:10:03.178,0 days 01:22:28.216000,0 days 00:01:26.345000,5105.974722222221,247.0,11374.0,6,99.0,False,8,-474.1982863078078,-1278.7078979623345,-158.95325825722418
2025-04-12 17:10:03.213,0 days 01:22:28.251000,0 days 00:01:26.380000,5108.403409398983,247.6272411464393,11374.0,6,99.0,False,8,-472.0,-1253.0,-159.0
2025-04-12 17:10:03.457,0 days 01:22:28.495000,0 days 00:01:26.624000,5125.504722222221,252.0,11374.0,6,99.0,False,8,-463.55363985381877,-1143.6979615358478,-158.92218277955183
2025-04-12 17:10:03.533,0 days 01:22:28.571000,0 days 00:01:26.700000,5130.873953032287,253.14,11374.0,6,99.0,False,8,-461.0,-1100.0,-159.0
2025-04-12 17:10:03.657,0 days 01:22:28.695000,0 days 00:01:26.824000,5139.671388888888,255.0,11374.0,6,99.0,False,8,-455.51236538977463,-998.4921552344215,-159.3758707491768
2025-04-12 17:10:03.833,0 days 01:22:28.871000,0 days 00:01:27,5152.230493419494,256.76,10274.0,6,99.0,False,8,-447.0,-829.0,-160.0
2025-04-12 17:10:03.857,0 days 01:22:28.895000,0 days 00:01:27.024000,5153.949166666666,257.0,10124.0,6,99.0,False,8,-446.02067957789995,-808.1802401374771,-160.04136787651436
2025-04-12 17:10:04.017,0 days 01:22:29.055000,0 days 00:01:27.184000,5165.460277777777,259.0,10456.0,7,99.0,False,8,-440.65731174564814,-684.4219620611481,-160.0378392182246
2025-04-12 17:10:04.253,0 days 01:22:29.291000,0 days 00:01:27.420000,5182.7826535636395,262.44166666666666,10566.625,7,99.0,False,8,-435.0,-538.0,-160.0
2025-04-12 17:10:04.497,0 days 01:22:29.535000,0 days 00:01:27.664000,5200.926944444444,266.0,10681.0,7,99.0,False,8,-429.53769253757923,-405.3720767171057,-160.91452596523882
2025-04-12 17:10:04.573,0 days 01:22:29.611000,0 days 00:01:27.740000,5206.578255190818,266.76,10717.86,7,99.0,False,8,-427.0,-346.0,-161.0
2025-04-12 17:10:04.697,0 days 01:22:29.735000,0 days 00:01:27.864000,5215.815833333333,268.0,10778.0,7,99.0,False,8,-421.50847323409494,-218.73507549500852,-160.71746341177035
2025-04-12 17:10:04.873,0 days 01:22:29.911000,0 days 00:01:28.040000,5229.01635639137,269.46666666666664,10839.6,7,99.0,False,8,-413.0,-21.0,-160.0
2025-04-12 17:10:05.057,0 days 01:22:30.095000,0 days 00:01:28.224000,5242.9158333333335,271.0,10904.0,7,99.0,False,8,-406.794395254383,128.23723834486643,-159.81790338216487
2025-04-12 17:10:05.293,0 days 01:22:30.331000,0 days 00:01:28.460000,5260.876451889036,273.95,11034.783333333333,7,99.0,False,8,-401.0,269.0,-160.0
2025-04-12 17:10:05.297,0 days 01:22:30.335000,0 days 00:01:28.464000,5261.1825,274.0,11037.0,7,99.0,False,14,-400.89956781060886,271.33991309352336,-160.00165419815914
2025-04-12 17:10:05.497,0 days 01:22:30.535000,0 days 00:01:28.664000,5276.571388888889,277.0,11131.0,7,99.0,False,12,-395.7615778381887,386.8821321319652,-160.01880024127968
2025-04-12 17:10:05.673,0 days 01:22:30.711000,0 days 00:01:28.840000,5290.299588612561,279.44444444444446,11185.266666666666,7,99.0,False,12,-391.0,501.0,-160.0
2025-04-12 17:10:05.773,0 days 01:22:30.811000,0 days 00:01:28.940000,5298.159626761745,280.8333333333333,11216.1,7,99.0,False,12,-388.0,579.0,-160.0
2025-04-12 17:10:05.857,0 days 01:22:30.895000,0 days 00:01:29.024000,5304.771388888888,282.0,11242.0,7,99.0,False,12,-384.47345772225435,664.6388011433263,-160.00042499073868
2025-04-12 17:10:06.017,0 days 01:22:31.055000,0 days 00:01:29.184000,5317.393611111111,284.0,11386.0,7,99.0,False,12,-375.9607037796031,861.0327307305535,-160.00013978085542
2025-04-12 17:10:06.092,0 days 01:22:31.130000,0 days 00:01:29.259000,5323.3320901018815,284.5357147428571,11417.071455085714,7,99.0,False,12,-373.0,930.0,-160.0
2025-04-12 17:10:06.297,0 days 01:22:31.335000,0 days 00:01:29.464000,5339.638055555555,286.0,11502.0,7,99.0,False,12,-369.45403206763245,1018.7611212370597,-159.99995162791865
2025-04-12 17:10:06.433,0 days 01:22:31.471000,0 days 00:01:29.600000,5350.512236159014,287.7,11527.5,7,99.85,False,12,-367.0,1079.0,-160.0
2025-04-12 17:10:06.457,0 days 01:22:31.495000,0 days 00:01:29.624000,5352.4380555555545,288.0,11532.0,7,100.0,False,12,-366.32781272819983,1094.7505973894667,-160.0000036390049
2025-04-12 17:10:06.632,0 days 01:22:31.670000,0 days 00:01:29.799000,5366.551838787023,289.75000064,11604.1875264,7,100.0,False,12,-360.0,1241.0,-160.0
2025-04-12 17:10:06.674,0 days 01:22:31.712000,0 days 00:01:29.841000,5369.957809274219,290.16999936,11621.5124736,7,100.0,False,12,-358.48540489557604,1276.6723668877423,-159.9999984837724
